Result Title,URL
Ultimate Selenium WebDriver for Test Automation - Apple Books,https://books.apple.com/us/book/ultimate-selenium-webdriver-for-test-automation/id6478819900
Top 10 Automation Testing Books For 2024 | LambdaTest,https://www.lambdatest.com/blog/top-books-for-automation-testing/
Selenium Webdriver Tutorial Java,https://resources.caih.jhu.edu/textbooks//Book?ID&EmE:8148=Selenium_Webdriver_Tutorial_Java.html
What is Selenium? Introduction to Selenium Automation Testing - Guru99,https://www.guru99.com/introduction-to-selenium.html
Best Selenium Books in 2024 to Learn - Top Mini Sites,https://topminisite.com/blog/best-selenium-books-in-year
Selenium Python Tutorial For Beginners - Software Testing Help,https://www.softwaretestinghelp.com/selenium-python-tutorial/
Selenium Tutorial - Guru99,https://www.guru99.com/selenium-tutorial.html
Selenium Tutorial for Beginners: An Introduction to Selenium - Stackify,https://stackify.com/selenium-tutorial-an-introduction-to-the-basic-features-and-functions-of-selenium/
Selenium Testing: An Analytical Guide - Tools QA,https://www.toolsqa.com/selenium-webdriver/selenium-testing/
What is Selenium WebDriver? [The Complete Guide],https://www.techgeekbuzz.com/blog/what-is-selenium-webdriver/
Top 6 Cucumber Best Practices For Selenium Automation,https://www.lambdatest.com/blog/cucumber-best-practices/
10 Best Books For Testers in 2024 | LambdaTest,https://www.lambdatest.com/blog/top-books-every-tester-should-read/
Selenium 4 With Python - A Step by Step Guide - TechBeamers,https://techbeamers.com/selenium-4-with-python-guide/
Writing Data-Driven Tests Using Selenium Webdriver 3.0 - TechBeamers,https://techbeamers.com/writing-data-driven-tests-using-webdriver/
Top 10+ Best Software Testing Books (Manual and Automation Books),https://www.softwaretestinghelp.com/software-testing-books/
Selenium Webdriver Java Program Example (Sample Code) - Guru99,https://www.guru99.com/first-webdriver-script.html
Selenium 4 Relative Locators Explained With Examples - TechBeamers,https://techbeamers.com/selenium-4-relative-locators/
"Selenium WebdriverIO Tutorial: A Comprehensive Guide, with Examples ...",https://www.lambdatest.com/learning-hub/webdriverio
"Selenium | Uses in Electronics, Health Benefits ... - Britannica",https://www.britannica.com/science/selenium
5 Best Ways to Install Selenium WebDriver with Python,https://blog.finxter.com/5-best-ways-to-install-selenium-webdriver-with-python/
9 Of The Best Reporting Tools For Selenium | LambdaTest,https://www.lambdatest.com/blog/best-reporting-tools-for-selenium/
Selenium Exercise - Add a book to the cart in Flipkart - TechBeamers,https://techbeamers.com/selenium-webdriver-add-a-book-to-the-cart/
Selenium compounds as promising antiviral agents,https://pubs.rsc.org/en/content/articlelanding/2024/nj/d3nj05180c
REST Assured Tutorial for API Automation Testing (Example) - Guru99,https://www.guru99.com/rest-assured.html
Navigating A Saltier Future - Yale University Press,https://yalebooks.yale.edu/2024/03/22/navigating-a-saltier-future/
