brown and white concrete building near body of water during daytime	[{'url': 'https://images.unsplash.com/photo-1585689990695-486e9700fb48?q=80&w=2333&auto=format&fit=crop&ixlib=rb-4.0.3&ixid=M3wxMjA3fDB8MHxwaG90by1wYWdlfHx8fGVufDB8fHx8fA%3D%3D', 'path': 'full/0069490317ba0a5ffbc839ce6862ae8d14f49f3a.jpg', 'checksum': 'a0497c1f2cb668ec922d017285e9f839', 'status': 'downloaded'}]	Sochi-Park lake. 2017	2020-03-31 21:28:27
a woman standing next to a body of water	[{'url': 'https://images.unsplash.com/photo-1632734139989-1bab3f3b240f?q=80&w=3000&auto=format&fit=crop&ixlib=rb-4.0.3&ixid=M3wxMjA3fDB8MHxwaG90by1wYWdlfHx8fGVufDB8fHx8fA%3D%3D', 'path': 'full/f3d9e6cfcf71645303280969b50b5b30f8e2ef26.jpg', 'checksum': '0635821bdef18778bbe8f504ae2f7358', 'status': 'downloaded'}]	Download this free HD photo of россия, большой проспект п.с, санкт-петербург, and clothing in Санкт-Петербург, Россия by Hanna (@hnnstp)	2021-09-27 09:15:53
green and white plant in close up photography	[{'url': 'https://images.unsplash.com/photo-1610186635580-dbe5cc79dd55?q=80&w=4578&auto=format&fit=crop&ixlib=rb-4.0.3&ixid=M3wxMjA3fDB8MHxwaG90by1wYWdlfHx8fGVufDB8fHx8fA%3D%3D', 'path': 'full/7066bc7d48f6f2967bb93215b728647d3cf9adfb.jpg', 'checksum': '951d094607ac9c9193cdc8d3573b4669', 'status': 'downloaded'}]	Forest plants in dark colors	2021-01-09 10:10:01
stack of stones near sea during daytime	[{'url': 'https://images.unsplash.com/photo-1612693730241-2faeb28d176f?q=80&w=4160&auto=format&fit=crop&ixlib=rb-4.0.3&ixid=M3wxMjA3fDB8MHxwaG90by1wYWdlfHx8fGVufDB8fHx8fA%3D%3D', 'path': 'full/cac031d5126c8f589338ee7405ba90bf0e5bd1e7.jpg', 'checksum': '78bae0fdc8c55415723a59035e66d6ab', 'status': 'downloaded'}]	Download this free HD photo of grey, краснодарский край, большой сочи, and имеретинский пляж in Большой Сочи, Россия by Nadin Mario (@nadinmario)	2021-02-07 10:38:49
a close up of a tree trunk with moss growing on it	[{'url': 'https://images.unsplash.com/photo-1697874208955-5ad923a90fdd?q=80&w=4288&auto=format&fit=crop&ixlib=rb-4.0.3&ixid=M3wxMjA3fDB8MHxwaG90by1wYWdlfHx8fGVufDB8fHx8fA%3D%3D', 'path': 'full/b9573e0ed43d2dc572fc5211157105bc562c5576.jpg', 'checksum': '9d6536c4ddc8ead42469bd58ed37eedf', 'status': 'downloaded'}]	Download this free HD photo of moscow, russia, universitetskiy prospekt, and большой газон мгу in Moskva, Russia by Nikita Nikitenko (@nikkitenkos)	2023-10-21 07:44:57
brown and white cow on green grass field during daytime	[{'url': 'https://images.unsplash.com/photo-1610710122471-1dc6c792cdf3?q=80&w=5183&auto=format&fit=crop&ixlib=rb-4.0.3&ixid=M3wxMjA3fDB8MHxwaG90by1wYWdlfHx8fGVufDB8fHx8fA%3D%3D', 'path': 'full/f3343c4b2920c71513dfa21f0b1cf6d63ceb5083.jpg', 'checksum': 'fd0c712d66d622d988e45894a3ee8d39', 'status': 'downloaded'}]	Download this free HD photo of гора большой бермамыт, карачаево-черкесская республика, россия, and mammal by Anton Maksimov 5642.su (@juvnsky)	2021-01-15 11:31:14
black and white leaf plant	[{'url': 'https://images.unsplash.com/photo-1612858807705-c64b53f1c333?q=80&w=4160&auto=format&fit=crop&ixlib=rb-4.0.3&ixid=M3wxMjA3fDB8MHxwaG90by1wYWdlfHx8fGVufDB8fHx8fA%3D%3D', 'path': 'full/c1efe3359c9cc335cdd653f3436c5b005ceaeb88.jpg', 'checksum': '467e15ffc57991cd679be75bd08b5bda', 'status': 'downloaded'}]	Download this free HD photo of россия, краснодарский край, большой сочи, and сочи in Большой Сочи, Россия by Nadin Mario (@nadinmario)	2021-02-09 08:27:31
a person riding a bike down a snow covered road	[{'url': 'https://images.unsplash.com/photo-1697874209245-03449424ed8c?q=80&w=4229&auto=format&fit=crop&ixlib=rb-4.0.3&ixid=M3wxMjA3fDB8MHxwaG90by1wYWdlfHx8fGVufDB8fHx8fA%3D%3D', 'path': 'full/723dc23b1fc1823b2f427242d343997b1bf9b64f.jpg', 'checksum': 'e31345368863265bccc7a46fea603188', 'status': 'downloaded'}]	Download this free HD photo of moscow, russia, universitetskiy prospekt, and большой газон мгу in Moskva, Russia by Nikita Nikitenko (@nikkitenkos)	2023-10-21 07:44:57
yellow leaves on brown tree branch	[{'url': 'https://images.unsplash.com/photo-1610186636333-0591afe1fccb?q=80&w=4673&auto=format&fit=crop&ixlib=rb-4.0.3&ixid=M3wxMjA3fDB8MHxwaG90by1wYWdlfHx8fGVufDB8fHx8fA%3D%3D', 'path': 'full/2da3717a0f5fa6958bd05895481eadec569eb307.jpg', 'checksum': '4c54d56df4b340ea94ef1707a7ffb174', 'status': 'downloaded'}]	Forest plants in dark colors	2021-01-09 10:10:01
a river with a city in the background	[{'url': 'https://images.unsplash.com/photo-1656542642782-992bd7c27fe3?q=80&w=6000&auto=format&fit=crop&ixlib=rb-4.0.3&ixid=M3wxMjA3fDB8MHxwaG90by1wYWdlfHx8fGVufDB8fHx8fA%3D%3D', 'path': 'full/fc98d020841d0d374a92a78947747f58fd253f9a.jpg', 'checksum': 'bd552bb2700a0b68e1622b458d9fed81', 'status': 'downloaded'}]	Download this free HD photo of russia, moscow, большой москворецкий мост, and reflection by Vitali Adutskevich (@vadutskevich)	2022-06-29 22:48:50
people walking on street during night time	[{'url': 'https://images.unsplash.com/photo-1604403232863-84511ca75e6c?q=80&w=2808&auto=format&fit=crop&ixlib=rb-4.0.3&ixid=M3wxMjA3fDB8MHxwaG90by1wYWdlfHx8fGVufDB8fHx8fA%3D%3D', 'path': 'full/701a26a995f6694b969d27244afbb737a1df93ae.jpg', 'checksum': '48b9e20f98066047ccfdf85becd8fec3', 'status': 'downloaded'}]	Download this free HD photo of театральная площадь, большой театр, россия, and москва in Москва, Россия by Ildar Garifullin (@garilens)	2020-11-03 11:36:03
brown bread on white tray	[{'url': 'https://images.unsplash.com/photo-1590666379301-3fceee6b838b?q=80&w=5116&auto=format&fit=crop&ixlib=rb-4.0.3&ixid=M3wxMjA3fDB8MHxwaG90by1wYWdlfHx8fGVufDB8fHx8fA%3D%3D', 'path': 'full/1fb00918d9dd41a262e1491c0c53f23a6b9366dd.jpg', 'checksum': '66e44e24bdf0585f1d0a89d5f918556b', 'status': 'downloaded'}]	"loaf of bread on a tray
"	2020-05-28 11:55:37
white and black tree branch	[{'url': 'https://images.unsplash.com/photo-1610186636381-4fa2ed877512?q=80&w=3456&auto=format&fit=crop&ixlib=rb-4.0.3&ixid=M3wxMjA3fDB8MHxwaG90by1wYWdlfHx8fGVufDB8fHx8fA%3D%3D', 'path': 'full/58cf9a36fc8a2934e32e1ec555de1a4a23661081.jpg', 'checksum': '3dc04cf2b8d150d19ad004489064a6f2', 'status': 'downloaded'}]	Forest plants in dark colors	2021-01-09 10:10:01
a silhouette of a person standing in front of a stage	[{'url': 'https://images.unsplash.com/photo-1634729650315-2bf1b51ca0ac?q=80&w=4288&auto=format&fit=crop&ixlib=rb-4.0.3&ixid=M3wxMjA3fDB8MHxwaG90by1wYWdlfHx8fGVufDB8fHx8fA%3D%3D', 'path': 'full/4d4369d9df69945c8f77a09830ece472f5006be4.jpg', 'checksum': '7ba7df74ce65da0e2820eba39583894f', 'status': 'downloaded'}]	Download this free HD photo of большой кисловский переулок, россия, национальный клиринговый центр, and москва in Москва, Россия by Maks Styazhkin (@mstyazhkin)	2021-10-20 11:38:35
green trees on rocky mountain under blue sky during daytime	[{'url': 'https://images.unsplash.com/photo-1610708806863-559fdb8b2b45?q=80&w=3456&auto=format&fit=crop&ixlib=rb-4.0.3&ixid=M3wxMjA3fDB8MHxwaG90by1wYWdlfHx8fGVufDB8fHx8fA%3D%3D', 'path': 'full/4eff8a4d6864f5b24f0096609bbefacbaf34cc5a.jpg', 'checksum': 'ef128ff46d7fd0088d591fff56356e9b', 'status': 'downloaded'}]	Download this free HD photo of карачаево-черкесская республика, россиягора большой бермамыт, россия, and гора большой бермамыт by Anton Maksimov 5642.su (@juvnsky)	2021-01-15 11:24:52
brown concrete building near bare trees during daytime	[{'url': 'https://images.unsplash.com/photo-1613327345946-551b8ecf2afe?q=80&w=3280&auto=format&fit=crop&ixlib=rb-4.0.3&ixid=M3wxMjA3fDB8MHxwaG90by1wYWdlfHx8fGVufDB8fHx8fA%3D%3D', 'path': 'full/1201eee84fd39d513e1dcfe4d529fe9224c815cf.jpg', 'checksum': 'ff4cbc40591a9493471aaae82e9a4ecb', 'status': 'downloaded'}]	View from Maly Spasoglinischevsky Lane to Bolshoi Spasoglinischevsky Lane.  	2021-02-14 18:35:26
a mountain range with clouds	[{'url': 'https://images.unsplash.com/photo-1660378400958-133f9083dfc0?q=80&w=2870&auto=format&fit=crop&ixlib=rb-4.0.3&ixid=M3wxMjA3fDB8MHxwaG90by1wYWdlfHx8fGVufDB8fHx8fA%3D%3D', 'path': 'full/9e9adf36aa9bc81a0b6c65c6a006b4bbed7973d8.jpg', 'checksum': '5c51a2eb02c72d9e0775424dd92fe19f', 'status': 'downloaded'}]	Download this free HD photo of russia, karachay-cherkessia, гора большой бермамыт, and russian nature in Russia by Sergey Chuprin (@creati8e)	2022-08-13 08:15:06
cars parked on side of the road near buildings during daytime	[{'url': 'https://images.unsplash.com/photo-1593941502440-c1b305fb66df?q=80&w=4928&auto=format&fit=crop&ixlib=rb-4.0.3&ixid=M3wxMjA3fDB8MHxwaG90by1wYWdlfHx8fGVufDB8fHx8fA%3D%3D', 'path': 'full/d8ad2f3a817b376200d6f53b811d6fd1884d4221.jpg', 'checksum': '1867e3f576828c9263dd4adf79e82947', 'status': 'downloaded'}]	Summer in Moscow. The Propaganda club on the right. 	2020-07-05 09:33:24
brown concrete building near body of water during daytime	[{'url': 'https://images.unsplash.com/photo-1583239666821-2cd38cfd87cd?q=80&w=2075&auto=format&fit=crop&ixlib=rb-4.0.3&ixid=M3wxMjA3fDB8MHxwaG90by1wYWdlfHx8fGVufDB8fHx8fA%3D%3D', 'path': 'full/df2d893d17f0ec9b6ad7ceb625577e6844e94fe4.jpg', 'checksum': '54ab489d436b52ab2731d38be12a4d93', 'status': 'downloaded'}]	Download this free HD photo of большой новодевичий пруд, москва, россия, and filmphoto in Москва, Россия by Daria Kraplak (@daria_kraplak)	2020-03-03 12:49:45
man sitting on floor inside well-lit room	[{'url': 'https://images.unsplash.com/photo-1574958302609-bee7ed3b07b3?q=80&w=5277&auto=format&fit=crop&ixlib=rb-4.0.3&ixid=M3wxMjA3fDB8MHxwaG90by1wYWdlfHx8fGVufDB8fHx8fA%3D%3D', 'path': 'full/459f8f6f43244e9b5fc809a0684572dd675dc66d.jpg', 'checksum': '4360ecfd3bc9235bfc722cf4c4364243', 'status': 'downloaded'}]	Ballerina at the big theater	2019-11-28 16:29:49
