image_urls,images,name,price
,,"Nothing Phone 2a (Black,8GB RAM,128GB Storage)","31,990.00"
,,"realme GT 5 Pro (Bright Moon,12GB RAM,256GB Storage)","39,890.00"
,,"Motorola Edge 40 5G (Eclipse Black, 8GB RAM, 256GB Storage)| 6.55"" pOLED Display | 50MP + 13MP | 32MP Front Cam | MediaTek Dimensity 8020 Processor | On-Screen Fingerprint | Super Slim IP68 Waterproof","26,999.00"
,,"Oppo F25 Pro 5G (Ocean Blue, 8GB RAM, 128GB Storage) with No Cost EMI/Additional Exchange Offers","23,999.00"
,,"vivo V30 (Ocean Blue,8GB RAM,128GB Storage)","33,990.00"
,,"Oppo F25 Pro 5G (Lava Red, 8GB RAM, 128GB Storage)","23,999.00"
,,"Motorola Edge 40 5G (Viva Magenta, 8GB RAM, 256GB Storage)","26,999.00"
,,"Xiaomi 14 (White,8GB RAM,256GB Storage)","45,890.00"
,,"Motorola Edge 40 5G (Nebula Green, 8GB RAM, 256GB Storage)","26,999.00"
,,"Motorola Edge 40 Neo (Soothing Sea, 128 GB) (8 GB RAM)","24,999.00"
,,"Vivo T2x 5G (Marine Blue, 128 GB) (4 GB RAM)","11,999.00"
,,Vivo T2x 5G (128 GB) (6 GB RAM) (Aurora Gold),"12,999.00"
,,"Vivo T2x 5G (Glimmer Black, 128 GB) (6 GB RAM)","12,999.00"
,,"Vivo T2x 5G (Marine Blue, 128 GB) (8 GB RAM)","14,999.00"
,,"Vivo T2x 5G (Marine Blue, 128 GB) (6 GB RAM)","12,999.00"
,,"Vivo T2x 5G (Aurora Gold, 128 GB) (8 GB RAM)","14,999.00"
,,"Vivo T2x 5G (Glimmer Black, 128 GB) (8 GB RAM)","14,999.00"
,,"Vivo T2 5G (Velocity Wave, 128 Gb) (6 Gb Ram), Grey","17,999.00"
,,"Apple 2022 10.9-inch iPad (Wi-Fi, 64GB) - Yellow (10th Generation)","44,900.00"
,,"OPPO A59 5G (Silk Gold, 4GB RAM, 128GB Storage) | 5000 mAh Battery with 33W SUPERVOOC Charger | 6.56"" HD+ 90Hz Display | with No Cost EMI/Additional Exchange Offers","13,999.00"
,,"Apple 2021 10.2-inch (25.91 cm) iPad with A13 Bionic chip (Wi-Fi, 256GB) - Silver (9th Generation)","44,900.00"
,,"Apple 2022 10.9-inch iPad (Wi-Fi, 256GB) - Pink (10th Generation)","59,900.00"
,,"2022 Apple 11-inch iPad Pro (Wi-Fi + Cellular, 256GB) - Space Grey (4th Generation)","91,900.00"
,,"Oppo A17 Lake Blue (4GB,64GB Storage)","9,999.00"
,,"Oppo Reno10 5G Silvery Grey, 256 GB & 8 GB Ram","32,999.00"
,,"OPPO A59 5G (Starry Black, 4GB RAM, 128GB Storage) | 5000 mAh Battery with 33W SUPERVOOC Charger | 6.56"" HD+ 90Hz Display | with No Cost EMI/Additional Exchange Offers","13,999.00"
,,"OPPO F23 5G (Bold Gold, 8GB RAM, 256GB Storage) | 5000 mAh Battery with 67W SUPERVOOC Charger | 64MP Rear Triple AI Camera with Microlens | 6.72"" FHD+ 120Hz Display | with Offers","22,999.00"
,,"Oppo Reno10 Pro 5G (Glossy Purple, 12GB RAM, 256GB Storage) New","37,999.00"
,,"Vivo T2x 5G (Glimmer Black, 128 GB) (4 GB RAM)","11,999.00"
,,"Samsung Galaxy S24 Ultra 5G (Titanium Gray, 12GB, 1TB Storage)","139,999.00"
,,"Oppo Reno10 5G (Ice Blue, 8GB RAM, 256GB Storage)","32,999.00"
,,"Samsung Galaxy S23 5G (Green, 8GB, 256GB Storage)","69,999.00"
,,"Samsung Galaxy S24 Ultra 5G (Titanium Black, 12GB, 512GB Storage)","139,999.00"
,,"TECNO Spark 10 5G (Meta White, 4GB RAM,64GB Storage)|8GB Expandable RAM | Ultra Clear 50MP Superior Rear Camera| Dimensity 6020 7nm Powerful 5G Processor","12,499.00"
,,"Samsung Galaxy S24 Ultra 5G (Titanium Gray, 12GB, 512GB Storage)","139,999.00"
,,"Samsung Galaxy S24 Ultra 5G (Titanium Violet, 12GB, 512GB Storage)","139,999.00"
,,"TECNO Spark 10 5G (Meta White, 8GB RAM,128GB Storage)|16GB Expandable RAM | Ultra Clear 50MP Superior Rear Camera| Dimensity 6020 7nm Powerful 5G Processor","13,999.00"
,,"TECNO Spark 10C (Meta Blue,8GB RAM,128GB Storage)|16GB Expandable RAM |90Hz Refresh Rate 6.56"" HD+Dot Display|16MP AI Dual Rear Camera","9,499.00"
,,"TECNO Spark 10C (Magic Skin Blue, 8GB RAM,128GB Storage)|16GB Expandable RAM | 90Hz Refresh Rate 6.6"" HD+Dot Display | 16MP AI Dual Rear Camera","9,499.00"
,,"TECNO Spark 10 5G (Meta Blue, 8GB RAM,128GB Storage)|16GB Expandable RAM | Ultra Clear 50MP Superior Rear Camera| Dimensity 6020 7nm Powerful 5G Processor","13,999.00"
,,"TECNO Spark 10 5G (Meta Blue, 4GB RAM,64GB Storage)|8GB Expandable RAM | Ultra Clear 50MP Superior Rear Camera| Dimensity 6020 7nm Powerful 5G Processor","12,499.00"
,,"TECNO Spark 10C (Magic Skin Orange, 8GB RAM,128GB Storage)|16GB Expandable RAM | 90Hz Refresh Rate 6.6"" HD+Dot Display | 16MP AI Dual Rear Camera","9,499.00"
,,"TECNO Spark 10C (Meta Green,8GB RAM,128GB Storage)|16GB Expandable RAM |90Hz Refresh Rate 6.56"" HD+Dot Display|16MP AI Dual Rear Camera","9,499.00"
,,Nokia C22 | 3-Day Battery Life | 4GB RAM (2GB RAM + 2GB Virtual RAM) | 13 MP Dual Rear AI Camera with Night & Portrait Mode | IP52 | Sand,"7,999.00"
,,"Samsung Galaxy S23 5G (Phantom Black, 8GB, 128GB Storage)","64,999.00"
,,"Nokia 110 Dual sim Keypad Phone with Wireless FM Radio, Free Earphone, Snake Game, Auto Call Recording, 1 Year Replacement Guarantee | Cyan","1,699.00"
,,"Nokia 150 Dual SIM Premium Keypad Phone | Rear Camera, Long Lasting Battery Life, Wireless FM Radio & MP3 Player and All-New Modern Premium Design | Black","2,699.00"
,,"Nokia 106 Single Sim, Keypad Phone with Built-in UPI Payments App, Long-Lasting Battery, Wireless FM Radio & MP3 Player, and MicroSD Card Slot | Charcoal","1,399.00"
,,"Nokia 106 Single Sim, Keypad Phone with Built-in UPI Payments App, Long-Lasting Battery, Wireless FM Radio & MP3 Player, and MicroSD Card Slot | Green","1,399.00"
,,"Nokia 106 Single Sim, Keypad Phone with Built-in UPI Payments App, Long-Lasting Battery, Wireless FM Radio & MP3 Player, and MicroSD Card Slot | Red","1,399.00"
,,"Nokia 110 Dual sim Keypad Phone with Wireless FM Radio, Free Earphone, Snake Game, Auto Call Recording, 1 Year Replacement Guarantee | Charcoal","1,699.00"
,,"Nokia 215 4G Dual SIM 4G Keypad Phone with Long Battery Life, Multiplayer Games, Wireless FM Radio and Durable Ergonomic Design | Black","3,299.00"
,,"Nokia 110 with Built-in UPI App and Scan & Pay Feature, MP3 Player, Rear Camera, Long-Lasting Battery, and Voice Recorder | Blue","1,699.00"
,,"Nokia 110 4G with 4G, Camera, Bluetooth, FM Radio, MP3 Player, MicroSD, Long-Lasting Battery, and pre-Loaded Games | Blue","2,399.00"
,,"Nokia 110 with Built-in UPI App and Scan & Pay Feature, MP3 Player, Rear Camera, Long-Lasting Battery, and Voice Recorder | Charcoal","1,699.00"
,,"Nokia 150 Dual SIM Premium Keypad Phone | Rear Camera, Long Lasting Battery Life, Wireless FM Radio & MP3 Player and All-New Modern Premium Design | Blue","2,699.00"
,,"Samsung Galaxy A23 5G, Orange (6GB, 128GB Storage) with Offer,Samsung Galaxy A23 5G, Orange (6GB, 128GB Storage) Without Offer","21,999.00"
,,"Nokia 150 Dual SIM Premium Keypad Phone | Rear Camera, Long Lasting Battery Life, Wireless FM Radio & MP3 Player and All-New Modern Premium Design | Red","2,699.00"
,,"Nokia 106 Dual Sim, Keypad Phone with Built-in UPI Payments App, Long-Lasting Battery, Wireless FM Radio & MP3 Player, and MicroSD Card Slot | Green","1,549.00"
,,"Samsung Galaxy A23 5G, Light Blue (6GB, 128GB Storage) with Offer","21,999.00"
,,"Samsung Galaxy A25 5G (Blue Black, 8GB, 256GB Storage) | 50 MP Main Camera | Android 14 with One UI 6.0 | 16GB Expandable RAM | Exynos 1280 | 5000 mAh Battery","29,999.00"
,,"Samsung Galaxy A23 5G, Silver (6GB, 128GB Storage) with Offer","21,999.00"
,,"Samsung Galaxy A23 5G, Silver (8GB, 128GB Storage) Without Offer","23,999.00"
,,"Samsung Galaxy A25 5G (Blue Black, 8GB, 128GB Storage) | 50 MP Main Camera | Android 14 with One UI 6.0 | 16GB Expandable RAM | Exynos 1280 | 5000 mAh Battery","26,999.00"
,,"Samsung Galaxy A25 5G (Blue, 8GB, 128GB Storage) | 50 MP Main Camera | Android 14 with One UI 6.0 | 16GB Expandable RAM | Exynos 1280 | 5000 mAh Battery","26,999.00"
,,"Samsung Galaxy A34 5G (Awesome Violet, 8GB, 256GB Storage) | 48 MP No Shake Cam (OIS) | IP67 | Gorilla Glass 5 | Voice Focus | Travel Adapter to be Purchased Separately","32,999.00"
,,"Samsung Galaxy A23 5G, Light Blue (8GB, 128GB Storage) Without Offer","23,999.00"
,,"Samsung Galaxy A34 5G (Awesome Lime, 8GB, 256GB Storage) | 48 MP No Shake Cam (OIS) | IP67 | Gorilla Glass 5 | Voice Focus | Without Charger","32,999.00"
,,"Samsung Galaxy A54 5G (Awesome Graphite, 8GB, 128GB Storage) Without Offer","33,999.00"
,,"Samsung Galaxy A34 5G (Awesome Violet, 8GB, 256GB Storage) Without Offer","32,999.00"
,,"Samsung Galaxy A34 5G (Awesome Graphite, 8GB, 256GB Storage) | 48 MP No Shake Cam (OIS) | IP67 | Gorilla Glass 5 | Voice Focus | Travel Adapter to be Purchased Separately","32,999.00"
,,"Samsung Galaxy A54 5G (Awesome Violet, 8GB, 256GB Storage) Without Offer","33,999.00"
,,"Samsung Galaxy A54 5G (Awesome Lime, 8GB, 256GB Storage) | 50 MP No Shake Cam (OIS) | IP67 | Gorilla Glass 5 | Voice Focus | Without Charger","40,999.00"
,,"Samsung Galaxy A54 5G (Awesome Violet, 8GB, 128GB Storage) Without Offer","33,999.00"
,,"Samsung Galaxy A15 5G (Blue Black, 8GB, 128GB Storage) | 50 MP Main Camera | Android 14 with One UI 6.0 | 16GB Expandable RAM | MediaTek Dimensity 6100+ | 5000 mAh Battery","19,499.00"
,,"Samsung Galaxy A54 5G (Awesome Lime, 8GB, 128GB Storage) Without Offer","33,999.00"
,,"Samsung Galaxy A15 5G (Light Blue, 8GB, 256GB Storage) | 50 MP Main Camera | Android 14 with One UI 6.0 | 16GB Expandable RAM | MediaTek Dimensity 6100+ | 5000 mAh Battery","22,499.00"
,,Apple iPhone 15 Pro (512 GB) - Natural Titanium,"155,831.00"
,,Apple iPhone 15 Pro (512 GB) - White Titanium,"155,831.00"
,,Apple iPhone 15 Pro (1 TB) - Natural Titanium,"188,906.00"
,,Apple iPhone 15 Pro (256 GB) - Natural Titanium,"136,931.00"
,,Apple iPhone 15 Pro (256 GB) - Blue Titanium,"136,931.00"
,,Apple iPhone 15 Pro (1 TB) - Blue Titanium,"174,731.00"
,,Apple iPhone 15 Pro (1 TB) - Black Titanium,"174,731.00"
,,Apple iPhone 15 Pro (128 GB) - Black Titanium,"127,481.00"
,,Apple iPhone 15 Pro (256 GB) - White Titanium,"136,931.00"
,,Apple iPhone 15 Pro (128 GB) - Natural Titanium,"127,481.00"
,,Apple iPhone 15 Pro (128 GB) - White Titanium,"127,481.00"
,,Apple iPhone 15 Pro (1 TB) - White Titanium,"174,731.00"
,,Apple iPhone 15 Pro (256 GB) - Black Titanium,"136,931.00"
,,Apple iPhone 15 Pro (512 GB) - Blue Titanium,"155,831.00"
,,"OPPO A18 (Glowing Black, 4GB RAM, 128GB Storage) | 6.56"" HD 90Hz Waterdrop Display | 5000 mAh Battery with No Cost EMI/Additional Exchange Offers","10,499.00"
,,"Redmi 13C 5G (Startrail Green, 4GB RAM, 128GB Storage) | MediaTek Dimensity 6100+ 5G | 90Hz Display","11,499.00"
,,"OPPO A18 (Glowing Black, 4GB RAM, 64GB Storage) | 6.56"" HD 90Hz Waterdrop Display | 5000 mAh Battery with No Cost EMI/Additional Exchange Offers","9,999.00"
,,"OPPO A18 (Glowing Blue, 4GB RAM, 64GB Storage) | 6.56"" HD 90Hz Waterdrop Display | 5000 mAh Battery with No Cost EMI/Additional Exchange Offers","9,999.00"
,,"Redmi 13C 5G (Startrail Green, 8GB RAM, 256GB Storage) | MediaTek Dimensity 6100+ 5G | 90Hz Display","14,999.00"
,,"Redmi 13C (Stardust Black, 8GB RAM, 256GB Storage) | Powered by 4G MediaTek Helio G85 | 90Hz Display | 50MP AI Triple Camera","11,999.00"
,,"Redmi 13C 5G (Starlight Black, 8GB RAM, 256GB Storage) | MediaTek Dimensity 6100+ 5G | 90Hz Display","14,999.00"
,,"Redmi 13C 5G (Startrail Green,6GB RAM, 128GB Storage) | MediaTek Dimensity 6100+ 5G | 90Hz Display","12,999.00"
,,"Redmi 13C 5G (Starlight Black, 4GB RAM, 128GB Storage) | MediaTek Dimensity 6100+ 5G | 90Hz Display","10,499.00"
,,"Redmi 13C (Stardust Black, 6GB RAM, 128GB Storage) | Powered by 4G MediaTek Helio G85 | 90Hz Display | 50MP AI Triple Camera","11,999.00"
,,"Redmi A2 (Sea Green, 4GB RAM, 64GB Storage) | Powerful Octa Core G36 Processor | Upto 7GB RAM | Large 16.5 cm HD+ Display with Massive 5000mAh Battery | 2 Years Warranty [Limited time Offer]","7,099.00"
,,"Redmi 13C (Starshine Green, 8GB RAM, 256GB Storage) | Powered by 4G MediaTek Helio G85 | 90Hz Display | 50MP AI Triple Camera","10,499.00"
,,"Redmi 13C (Starshine Green, 6GB RAM, 128GB Storage) | Powered by 4G MediaTek Helio G85 | 90Hz Display | 50MP AI Triple Camera","11,999.00"
,,"Redmi 12C (Mint Green, 6GB RAM, 128GB Storage) | High Performance Mediatek Helio G85 | Big 17cm(6.71) HD+ Display with 5000mAh(typ) Battery","15,999.00"
,,"Redmi 13C (Starfrost White, 8GB RAM, 256GB Storage) | Powered by 4G MediaTek Helio G85 | 90Hz Display | 50MP AI Triple Camera","11,999.00"
,,"Redmi A2 (Aqua Blue, 2GB RAM, 32GB Storage) | Powerful Octa Core G36 Processor | Upto 7GB RAM | Large 16.5 cm HD+ Display with Massive 5000mAh Battery | 2 Years Warranty [Limited time Offer]","6,299.00"
,,"Redmi A2 (Aqua Blue, 4GB RAM, 64GB Storage) | Powerful Octa Core G36 Processor | Upto 7GB RAM | Large 16.5 cm HD+ Display with Massive 5000mAh Battery | 2 Years Warranty [Limited time Offer]","7,099.00"
,,"Redmi 12C (Lavender Purple, 6GB RAM, 128GB Storage) | High Performance Mediatek Helio G85 | Big 17cm(6.71) HD+ Display with 5000mAh(typ) Battery","15,999.00"
,,"vivo T2x 5G (Aurora Gold, 128 GB) (6 GB RAM)","12,999.00"
,,"vivo V27 5G (Magic Blue, 128 GB) (8 GB RAM)","31,000.00"
,,"OnePlus Nord 3 5G (Misty Green, 8GB RAM, 128GB Storage)","29,999.00"
,,OnePlus 11R 5G Galactic Silver (8GB+128GB),"39,999.00"
,,"realme 11x 5G (Purple Dawn, 128 GB) (6 GB RAM)","14,999.00"
,,"OnePlus 11 5G (Eternal Green, 8GB RAM, 128GB Storage)","56,999.00"
,,"POCO M6 Pro 5G (Power Black, 128 GB) (4 GB RAM)","11,999.00"
,,"OnePlus Nord CE 2 5G (Bahamas Blue, 8GB RAM, 128GB Storage)","19,999.00"
,,"vivo T2x 5G (Marine Blue, 128 GB) (6 GB RAM)#JustHere","15,500.00"
,,"OnePlus Nord CE 2 Lite 5G (Blue, 6GB RAM, 128GB Storage)","18,349.00"
,,itel P55 5G | Dimensity 6080 | 12GB* RAM+128GB ROM with Memory Fusion| 50MP AI Dual Rear Camera| 5000mAh Battery | 2 Years Warranty | Mint Green,"10,499.00"
,,"Wayzoon vivo T2x 5G (Marine Blue, 128 GB) (4 GB RAM)#JustHere","11,999.00"
,,"OPPO A18 (Glowing Blue, 128 GB) (4 GB RAM)","11,499.00"
,,"Vivo Y17s (4GB RAM, 64GB ROM, Forest Green),Vivo Y17S","11,499.00"
,,"vivo Y27 (Sea Blue, 6GB RAM, 128GB Storage) with No Cost EMI/Additional Exchange Offers","12,999.00"
,,"vivo Y36 (Vibrant Gold, 8GB RAM, 128GB Storage),Vivo Smartphone Technical Details","14,999.00"
,,"Vivo T2x 5G (Marine Blue, 128 GB) (8 GB RAM)","17,153.00"
,,"Vivo Y200 5G (8GB RAM, 128GB ROM, Jungle Green)","21,999.00"
,,"Vivo X100 (12 GB + 256 GB) Blue,Product Specifications","63,999.00"
,,"Vivo X100 (12 GB + 256 GB) Black,Product Specifications","63,999.00"
,,"Vivo X100 (16 GB + 512 GB) Blue,Product Specifications","69,999.00"
,,"Vivo X100 (16 GB + 512 GB) Black,Product Specifications","69,999.00"
,,"Kirtee OPPO A18 (Glowing Black, 64 GB) (4 GB RAM)","9,999.00"
,,"Kirtee OPPO A59 5G (Silk Gold, 128 GB) (4 GB RAM)#JustHere","14,999.00"
,,"Kirtee OPPO A79 5G (Mystery Black, 128 GB) (8 GB RAM)","19,999.00"
,,"Kirtee OPPO F23 5G (Bold Gold, 8GB RAM, 256GB Storage) | 5000 mAh Battery with 67W SUPERVOOC Charger s","22,999.00"
,,"Vivo Y16 (Drizzling Gold, 128 GB) (4 GB RAM)","11,999.00"
,,"vivo Y17s (Glitter Purple, 64 GB) (4 GB RAM)","11,499.00"
,,"IKALL K100 1.8 Inch Display Keypad Mobile (Dual Sim, 1000 mAh Battery) (Blue)",769.00
,,"Nokia 105 Classic | Single Sim Keypad Phone with Built-in UPI Payments, Long-Lasting Battery, Wireless FM Radio, Charger in-Box | Charcoal","1,374.00"
,,"IKALL K100 Mobile (1.8 Inch, Dual Sim) (Blue)",791.00
,,"IKALL K100 1.8 Inch Display Keypad Mobile (Dual Sim, 1000 mAh Battery) (Black)",769.00
,,"Motorola A10e Dual Sim keypad Mobile with 800 mAh Battery, Expandable Storage Upto 32GB, Wireless FM with auto Call Recording - Dark Blue","1,429.00"
,,"Nokia 150 Dual SIM Premium Keypad Phone | Rear Camera, Long Lasting Battery Life, Wireless FM Radio & MP3 Player and All-New Modern Premium Design | Black","2,914.00"
,,"Kirtee Oppo Reno10 5G (Blue, 256 GB) (8 GB RAM)","32,999.00"
,,"Nokia 105 Classic | Single SIM Keypad Phone with Built-in UPI Payments, Long-Lasting Battery, Wireless FM Radio | No Charger in-Box | Blue","1,099.00"
,,"Nokia All-New 105 Dual Sim Keypad Phone with Built-in UPI Payments, Long-Lasting Battery, Wireless FM Radio | Charcoal","1,594.00"
,,"Vivo V29 5G ((Black, 128 GB) (8 GB RAM))","32,999.00"
,,"AMN OPPO F23 5G (Bold Gold, 8GB RAM, 256GB Storage) | 5000 mAh Battery with 67W SUPERVOOC Charger s","22,999.00"
,,"AMN OnePlus Nord CE 2 Lite 5G (Blue, 6GB RAM, 128GB Storage)","19,999.00"
,,Micromax X413 Blue,915.00
,,"AMN OnePlus Nord CE 2 Lite 5G (Black Dusk, 6GB RAM, 128GB Storage)","19,999.00"
,,"Oppo F23 5G (Cool Black, 8GB RAM, 256GB Storage)","23,499.00"
,,"Nokia All-New 105 Dual Sim Keypad Phone with Built-in UPI Payments, Long-Lasting Battery, Wireless FM Radio | Cyan","1,594.00"
,,"AMN Oppo F23 5G (Cool Black, 8GB RAM, 256GB Storage)","22,999.00"
,,"OPPO F23 5G (Bold Gold, 8GB RAM, 256GB Storage) | 5000 mAh Battery with 67W SUPERVOOC Charger s","22,999.00"
,,"Vivo V29 5G ((Black, 256 GB) (12 GB RAM))","37,399.00"
,,"Oppo Reno10 5G (Silvery Grey, 256 GB) (8 GB RAM)","32,999.00"
,,"AMN OPPO A79 5G (Mystery Black, 128 GB) (8 GB RAM)","19,999.00"
,,"OPPO A79 5G (Mystery Black, 128 GB) (8 GB RAM)","19,999.00"
,,"Oppo A78 5G (Glowing Black, 8GB RAM, 128 Storage) | 5000 mAh Battery with 33W SUPERVOOC Charger| 50MP AI Camera","18,999.00"
,,"OPPO A79 5G (Glowing Green, 128 GB) (8 GB RAM)","19,999.00"
,,"OPPO A78 5G (Glowing Blue, 128 GB) (8 GB RAM)","19,499.00"
,,"OPPO A78 (Mist Black, 8GB RAM, 128GB Storage) | 6.4"" FHD+ AMOLED 90Hz Punch Hole Display | 5000 mAh Battery and 67W SUPERVOOC","15,999.00"
,,"OPPO A58 (Glowing Black, 6GB RAM, 128GB Storage) | 5000 mAh Battery and 33W SUPERVOOC | 6.72"" FHD+ Punch Hole Display","13,999.00"
,,"OPPO A78 (Aqua Green, 128 GB) (8 GB RAM)","16,499.00"
,,"OPPO A58 (Dazzling Green, 128 GB) (6 GB RAM)","13,499.00"
,,"OPPO A38 (Glowing Black, 128 GB) (4 GB RAM)","12,999.00"
,,"REDMI Note 12 Pro 5G (Stardust Purple, 256 GB) (12 GB RAM)","25,999.00"
,,realme 11 Pro+ 5G 256 GB Storage Oasis Green (12 GB RAM),"32,999.00"
,,"Vivo V29 5G ((Blue, 256 GB) (12 GB RAM))","36,999.00"
,,"SAMSUNG Galaxy F14 5G (GOAT Green, 128 GB) (6 GB RAM)","15,990.00"
,,"OnePlus 11 5G (Eternal Green, 8GB RAM, 128GB Storage)","56,999.00"
,,"OPPO A18 (Glowing Black, 64 GB) (4 GB RAM)","9,999.00"
,,"REDMI 12 5G (Moonstone Silver, 128 GB) (6 GB RAM)","15,500.00"
,,"REDMI 12 5G (Moonstone Silver, 256 GB) (8 GB RAM)","15,780.00"
,,Realme C67 5G (6 GB+128 GB),"14,999.00"
,,"SAMSUNG Galaxy A03 Core (Onyx, 32 GB) (2 GB RAM)","8,000.00"
,,"REDMI 12 (Jade Black, 128 GB) (4 GB RAM)","9,999.00"
,,OPPO A17k 64 GB Storage Gold (CPH2471) (3 GB RAM),"10,000.00"
,,"Vivo Y02 (Cosmic Grey, 3GB RAM, 32GB Storage)","8,999.00"
,,"Vivo Y02 (blue, 3GB RAM, 32GB Storage)","8,999.00"
,,"vivo Y02t (Cosmic Grey, 64 GB) (4 GB RAM)","8,999.00"
,,"vivo Y02t (Sunset Gold, 64 GB) (4 GB RAM)","8,999.00"
,,"Vivo Y16 (Stellar Black, 4GB RAM, 64GB Storage) with No Cost EMI/Additional Exchange Offers","11,899.00"
,,"vivo Y02 (3GB RAM, 32GB, Sunset Gold)","8,499.00"
,,"OnePlus Nord CE 3 Lite 5G (Pastel lime, 256 GB) (8 GB RAM)","21,999.00"
,,"Vivo Y16 (Drizzling Gold, 4GB RAM, 64GB Storage) with No Cost EMI/Additional Exchange Offers","10,999.00"
,,"OPPO A38 (Glowing Black, 128 GB) (4 GB RAM)","12,499.00"
,,Apple iPhone 15 (6GB+128GB) Yellow,"79,900.00"
,,"vivo Y16 (Steller Black, 128 GB) (4 GB RAM)","11,899.00"
,,Apple iPhone 15 (6GB+256GB ) Green,"89,900.00"
,,Apple iPhone 15 (6GB+256GB ) Pink,"89,900.00"
,,"vivo Y16 (Steller Black, 64 GB) (4 GB RAM)","10,499.00"
,,Apple iPhone 15 (6GB+256GB ) Black,"89,900.00"
,,Apple iPhone 15 (6GB+128GB) Pink,"79,900.00"
,,Apple iPhone 15 (6GB+128GB) Green,"79,900.00"
,,Apple iPhone 12 (256GB) - Red,"70,400.00"
,,Apple iPhone 15 (6GB+128GB) Black,"79,900.00"
,,"Apple iPhone 13 (RED, 128 GB)","61,900.00"
,,Apple iPhone 15 (6GB+256GB ) Yellow,"89,900.00"
,,"Apple iPhone 12 (Black, 256 GB)","74,900.00"
,,"Apple iPhone 12 (White, 256 GB)","64,499.00"
,,Apple iPhone 15 Plus (6GB+128GB) Black,"89,900.00"
,,Apple iPhone 15 Plus (6GB+128GB) Blue,"89,900.00"
,,"vivo Y02t (Cosmic Grey, 64 GB) (4 GB RAM)","8,999.00"
,,"Motorola E32 (4GB, 64GB) (Eco Black)","8,900.00"
,,"realme 11 Pro 5G (Sunrise Beige, 8GB RAM, 256GB Storage) | 120 Hz Curved Display | 100MP Prolight Camera | 7050 5G Dimensity | 67W SUPERVOOC | 12GB Dynamic RAM | Premier Vegan Leather Finish Design","25,999.00"
,,"realme 11 Pro+ 5G (Sunrise Beige, 12GB RAM, 256GB Storage) | 120 Hz Curved Display | 200MP ProLight Camera | 7050 5G Dimensity | 100W SUPERVOOC | 12GB Dynamic RAM | Premier Vegan Leather Finish Design","30,799.00"
,,"Lenovo Tab Yoga 11 (11 inches/ 27.94 cm, 4GB, 128GB,Wi-Fi+ LTE), Storm Grey","23,990.00"
,,Tarun Mobiles POCO C55 6/128 (Power Black),"13,499.00"
,,"Samsung Galaxy Tab S8+ 31.49 cm (12.4 inch) sAMOLED Display, RAM 8 GB, ROM 128 GB Expandable, S Pen in-Box, Wi-Fi+ 5G Tablet, Silver","95,998.00"
,,Tarun Mobiles Redmi 11 Prime 5G 6+128 Thunder Black,"17,999.00"
,,"Lenovo Tab M10 Fhd Plus (2Nd Gen) (10.3 Inch, 4Gb, 128 Gb, Wi-Fi + LTE, Volte Calling, Platinum Grey) Kids Mode with Parental Control, Posture Alert,Dolby Atmos Speakers, Tuv Certified Eye Protection","21,999.00"
,,Tarun Mobiles REDMI C12 4/64,"13,999.00"
,,Tarun Mobiles POCO 5G (M4) 4/64,"15,999.00"
,,"Tarun Mobiles Vivo T2x 5G (Aurora Gold, 128 GB) (6 GB RAM)","15,299.00"
,,Tarun Mobiles Oppo A78 5G Glowing Blue,"21,000.00"
,,"Tarun Mobiles realme 11x 5G (Purple Dawn, 128 GB) (8 GB RAM)","16,483.00"
,,Tarun Mobiles Redmi 12C 6+128 Purple,"15,999.00"
,,"TECNO Phantom V Fold 5G Black (12GB RAM,256GB Storage) | The First Full Size Fold | LTPO AMOLED Display | 4nm D9000+ Fast Processor","80,499.00"
,,Lenovo Tab M10 FHD Plus 3rd Gen 10 61 inch 26 94 cm,"19,499.00"
,,Redmi A2 Sea Green (4GB+64GB),"7,399.00"
,,Tarun mobiles Whirlpool 184 L 2 Star Direct Cool Single Door Refrigerator 205 WDE PRM 2S SAPPHIRE BLOOM Z,"17,999.00"
,,realme narzo 50i Prime Mint Green 4GB RAM 64GB Storage Octa core Processor,"7,799.00"
,,"Tecno Spark 10 5G (Meta White, 8GB RAM,256GB Storage)","15,134.00"
,,"IQOO Z7s 5G (Pacific Night, 128 GB)  (6 GB RAM)","15,999.00"
,,"IQOO 11 5G (Legend, 256 GB)  (8 GB RAM)","49,999.00"
,,"OPPO A77s (Sunset Orange, 128 GB)  (8 GB RAM)","17,499.00"
,,Samsung Galaxy Tab S7 FE 31 5 cm 12 4 inch Large Display,"43,795.00"
,,"REDMI A2 (Aqua Blue, 64 GB)  (4 GB RAM)","7,299.00"
,,realme Pad WiFi 4G Tablet,"18,479.00"
,,"IQOO 9 Pro 5G (Legend, 256 GB)  (12 GB RAM)","70,489.00"
,,"SAMSUNG GALAXY M13 5G (Stardust Brown, 128 GB)  (6 GB RAM)","14,999.00"
,,"Samsung Galaxy A34 5G (Awesome Lime, 8GB, 128GB Storage)","29,499.00"
,,Apple 2021 10 2 inch 25 91 cm iPad with A13 Bionic chip Wi Fi,"31,999.00"
,,"Tecno Camon 20 Pro 5G (Serenity Blue, 8GB RAM,256GB Storage)","22,429.00"
,,"Tecno Phantom X2 Pro 5G Gray (12GB RAM,256GB Storage)","45,499.00"
,,Redmi 12C 6+128 Purple,"9,999.00"
,,Redmi Note 12 6+64 Black,"12,499.00"
,,Tecno Spark Go 2023 64GB,"8,199.00"
,,"Tecno POP 7 Pro (Uyuni Blue, 3GB RAM,64GB Storage)","6,599.00"
,,Redmi Note 12 6+64 Gold,"12,499.00"
,,Redmi Note 12 Pro 5G 8+256 Stardust Purple,"21,969.00"
,,Redmi Note 12 Pro 5G 8+256 Glacier Blue,"22,216.00"
,,Redmi 12C 6+128 Green,"9,799.00"
,,Redmi Note 12 5G 8+256 Blue,"19,499.00"
,,realme 10 4G (Clash White 8GB+128GB),"16,299.00"
,,"realme narzo 50A (Oxygen Green , 4GB RAM + 128 GB Storage)","9,799.00"
,,"Google Jio Phone Next 32 GB ROM, 2 GB RAM, Black Smartphone","5,599.00"
,,OPPO A17 64 GB Storage Sunlight Orange (4 GB RAM),"11,499.00"
,,OPPO A17k 64 GB Storage Navy Blue (CPH2471) (3 GB RAM),"8,999.00"
,,"Samsung Galaxy Tab S8 Ultra 37.08 cm (14.6 inch)  Wi-Fi+ 5G Tablet, Graphite","126,499.00"
,,Redmi Note 12 5G Matte Black 6GB RAM 128GB ROM,"17,499.00"
,,"Redmi Note 12 Pro 5G (Glacier Blue, 8GB RAM, 256GB Storage)","25,699.00"
,,"Redmi Note 12 Pro 5G (Stardust Purple, 8GB RAM, 256GB Storage)","24,999.00"
,,vivo V27 Pro 5G 128 GB Storage Magic Blue (8 GB RAM),"37,191.00"
,,"vivo Y22 (Starlit Blue, 4GB RAM, 64GB Storage) with No Cost EMI/Additional Exchange Offers","12,490.00"
,,"Realme 9i 5G (Metallica Gold, 64 GB) (4 GB RAM)","15,369.00"
,,"Apple 2021 10.2-inch (25.91 cm) iPad with A13 Bionic chip (Wi-Fi + Cellular, 64GB) - Silver (9th Generation)","42,900.00"
,,"Oppo A16k (Midnight Black, 4GB RAM, 64GB Storage)","11,990.00"
,,Realme Pad 4 GB RAM 64 GB ROM 10.4 inch with Wi-Fi+4G Tablet (Gray),"29,999.00"
,,Realme Pad 3 GB RAM 32 GB ROM 10.4 inch with Wi-Fi+4G Tablet (Gold),"24,999.00"
,,Realme Pad 3 GB RAM 32 GB ROM 10.4 inch with Wi-Fi+4G Tablet (Gray),"24,999.00"
,,"Vivo V23 Pro 5G (Sunshine Gold, 128 GB) (8 GB RAM)","30,295.00"
,,Redmi Note 11T 5G (Matte Black 6GB RAM 128GB ROM),"20,999.00"
,,"Redmi Note 10S (Deep Sea Blue, 8GB RAM,128 GB Storage)","20,999.00"
,,"Vivo V23 Pro 5G (256GB ROM, 12GB RAM, Stardust Black)","32,040.00"
,,"2022 Apple MacBook Air Laptop with M2 chip: 34.46 cm (13.6-inch) Liquid Retina Display, 8GB RAM, 512GB SSD Storage, Backlit Keyboard, 1080p FaceTime HD Camera. Works with iPhone/iPad; Midnight","138,990.00"
,,"Nokia 5310 Dual SIM Feature Phone with MP3 Player, Wireless FM Radio and Rear Camera (Black/Red)","3,999.00"
,,"Vivo V23 5G (Sunshine Gold, 128 GB)  (8 GB RAM)","30,990.00"
,,"Xiaomi 11T Pro 5G (Meteorite Black,8GB RAM,128GB Storage)","40,499.00"
,,"Realme narzo 50A (Oxygen Blue, 4GB RAM + 128GB Storage)","13,984.00"
,,"Vivo V23 5G (Stardust Black, 256 GB)  (12 GB RAM)","32,040.00"
,,"Xiaomi 11i 5G (Camo Green, 128 GB)  (8 GB RAM)","27,499.00"
,,"Xiaomi 11i Hypercharge 5G (Pacific Pearl, 128 GB)  (8 GB RAM)","29,499.00"
,,"Tecno Camon 18 (Dusk Grey, 128 GB) (4 GB RAM)","17,999.00"
,,"Xiaomi 11i 5G Hypercharge (Stealth Black, 8GB RAM, 128GB Storage)","29,499.00"
,,"Realme narzo 50A (Oxygen Green, 4GB RAM + 128GB Storage)","13,997.00"
,,"2022 Apple MacBook Air Laptop with M2 chip: 34.46 cm (13.6-inch) Liquid Retina Display, 8GB RAM, 256GB SSD Storage, Backlit Keyboard, 1080p FaceTime HD Camera. Works with iPhone/iPad; Starlight","114,900.00"
,,"2020 Apple MacBook Air Laptop: Apple M1 chip, 13.3-inch/33.74 cm Retina Display, 8GB RAM, 256GB SSD Storage, Backlit Keyboard, FaceTime HD Camera, Touch ID. Works with iPhone/iPad; Silver","82,110.00"
,,"2020 Apple MacBook Pro (13.3-inch/33.78 cm, Apple M1 chip with 8âcore CPU and 8âcore GPU, 8GB RAM, 256GB SSD) - Space Grey","122,900.00"
,,"2022 Apple MacBook Air Laptop with M2 chip: 34.46 cm (13.6-inch) Liquid Retina Display, 8GB RAM, 512GB SSD Storage, Backlit Keyboard, 1080p FaceTime HD Camera. Works with iPhone/iPad; Silver","133,990.00"
,,"Xiaomi 11i 5G Hypercharge (Purple Mist, 8GB RAM, 128GB Storage)","29,499.00"
,,"Nokia C30, 6000 mAh Battery, 6.82 Inch HD+ Screen, 3 + 32GB Memory (Green)","10,499.00"
,,"Samsung S22 5G 256 GB, 8 GB RAM, Phantom Black","49,499.00"
,,"Xiaomi 11i 5G Hypercharge (Purple Mist, 6GB RAM, 128GB Storage)","27,499.00"
,,"Xiaomi 11i 5G Hypercharge (Camo Green, 6GB RAM, 128GB Storage)","27,499.00"
,,"Xiaomi 11i 5G Hypercharge (Pacific Pearl, 6GB RAM, 128GB Storage )","27,499.00"
,,"Samsung Galaxy A03 Black, 4GB RAM, 64GB Storage","11,499.00"
,,"Nokia C20 Plus  (Ocean Blue, 32 GB)  (3 GB RAM)","7,999.00"
,,"Samsung Galaxy S22 Ultra 5G (12GB, 256GB Storage) BURGUNDY","85,499.00"
,,"Samsung Galaxy S22 Ultra 5G (Phantom Black, 12GB, 256GB Storage)","84,999.00"
,,"Oppo F21 Pro (Cosmic Black, 8GB RAM, 128 Storage)","25,999.00"
,,"Realme GT 2 Pro (Paper White, 8GB RAM, 128GB Storage)","30,499.00"
,,"Realme GT 2 Pro (Steel Black, 8GB RAM, 128GB Storage)","39,999.00"
,,"OnePlus 10R 5G (Sierra Black, 128 GB) (8 GB RAM)","38,299.00"
,,Nokia G21 (6GB RAM + 128GB),"12,999.00"
