name,price,folder
"Fire-Boltt Dazzle 1.83"" Smartwatch Full Touch Largest Borderless Display & 60 Sports Modes (Swimming) with IP68 Rating, Sp02 Tracking, Over 100 Cloud Based Watch Faces (Silver)",[1399.0],<a href=./images/Fire-Boltt_Dazzle_1.83_Smartwatch_Full_Touch_Largest_Borderless_Display__60_Sports_Modes_Swimming_with_IP68_Rating_Sp02_Tracking_Over_100_Cloud_Based_Watch_Faces_Silver>images</a><br>
"Fire-Boltt Ninja Call Pro Plus 1.83"" Smart Watch with Bluetooth Calling, AI Voice Assistance, 100 Sports Modes IP67 Rating, 240 * 280 Pixel High Resolution",[1099.0],<a href=./images/Fire-Boltt_Ninja_Call_Pro_Plus_1.83_Smart_Watch_with_Bluetooth_Calling_AI_Voice_Assistance_100_Sports_Modes_IP67_Rating_240_X_280_Pixel_High_Resolution>images</a><br>
"Fire-Boltt Ninja Call Pro Plus 1.83"" Smart Watch with Bluetooth Calling, AI Voice Assistance, 100 Sports Modes IP67 Rating, 240 * 280 Pixel High Resolution",[1299.0],<a href=./images/Fire-Boltt_Ninja_Call_Pro_Plus_1.83_Smart_Watch_with_Bluetooth_Calling_AI_Voice_Assistance_100_Sports_Modes_IP67_Rating_240_X_280_Pixel_High_Resolution>images</a><br>
"Noise Twist Round dial Smart Watch with Bluetooth Calling, 1.38"" TFT Display, up-to 7 Days Battery, 100+ Watch Faces, IP68, Heart Rate Monitor, Sleep Tracking (Jet Black)",[1399.0],<a href=./images/Noise_Twist_Round_dial_Smart_Watch_with_Bluetooth_Calling_1.38_TFT_Display_up-to_7_Days_Battery_100plus_Watch_Faces_IP68_Heart_Rate_Monitor_Sleep_Tracking_Jet_Black>images</a><br>
"Fire-Boltt Dazzle Plus 1.81"" Smartwatch Full Touch Largest Borderless Display & 60 Sports Modes (Swimming) with IP68 Rating, Sp02 Tracking, Over 100 Cloud Based Watch Faces",[1399.0],<a href=./images/Fire-Boltt_Dazzle_Plus_1.81_Smartwatch_Full_Touch_Largest_Borderless_Display__60_Sports_Modes_Swimming_with_IP68_Rating_Sp02_Tracking_Over_100_Cloud_Based_Watch_Faces>images</a><br>
SONATA GOLD Smart Band Wireless Sweatproof Fitness Band S6| Activity Tracker| Blood Pressure| Heart Rate Sensor,[1399.0],<a href=./images/SONATA_GOLD_Smart_Band_Wireless_Sweatproof_Fitness_Band_S6I_Activity_TrackerI_Blood_PressureI_Heart_Rate_Sensor>images</a><br>
"Fire-Boltt Ninja Call Pro Plus 1.83"" Smart Watch with Bluetooth Calling, AI Voice Assistance, 100 Sports Modes IP67 Rating, 240 * 280 Pixel High Resolution",[1099.0],<a href=./images/Fire-Boltt_Ninja_Call_Pro_Plus_1.83_Smart_Watch_with_Bluetooth_Calling_AI_Voice_Assistance_100_Sports_Modes_IP67_Rating_240_X_280_Pixel_High_Resolution>images</a><br>
"Fire-Boltt Dazzle 1.83"" Smartwatch Full Touch Largest Borderless Display & 60 Sports Modes (Swimming) with IP68 Rating, Sp02 Tracking, Over 100 Cloud Based Watch Faces (Black)",[1399.0],<a href=./images/Fire-Boltt_Dazzle_1.83_Smartwatch_Full_Touch_Largest_Borderless_Display__60_Sports_Modes_Swimming_with_IP68_Rating_Sp02_Tracking_Over_100_Cloud_Based_Watch_Faces_Black>images</a><br>
"Fire-Boltt Cyclone 1.6'' Round Premium Display, Motion Sensor Gaming, APPEnabled GPS Sports Smartwatch (Orange Strap, Onesize)",[2600.0],<a href=./images/Fire-Boltt_Cyclone_1.6_Round_Premium_Display_Motion_Sensor_Gaming_APPEnabled_GPS_Sports_Smartwatch_Orange_Strap_Onesize>images</a><br>
"Pebble Revo Smartwatch, 1.3"" HD Touchscreen, Bluetooth Calling, Smart Watch (PFB13 Charcoal Black)",[4774.0],<a href=./images/Pebble_Revo_Smartwatch_1.3_HD_Touchscreen_Bluetooth_Calling_Smart_Watch_PFB13_Charcoal_Black>images</a><br>
GOQii Smart Vital Junior Activity Tracker (Zebra Black),[4999.0],<a href=./images/GOQii_Smart_Vital_Junior_Activity_Tracker_Zebra_Black>images</a><br>
"OnePlus Nord Watch with 1.78 AMOLED Display, 60 Hz Refresh Rate, 105 Fitness Modes, 10 Days Battery, SPO2, Heart Rate, Stress Monitor, Women Health Tracker & Multiple Watch Face [Midnight Black]",[4998.0],<a href=./images/OnePlus_Nord_Watch_with_1.78_AMOLED_Display_60_Hz_Refresh_Rate_105_Fitness_Modes_10_Days_Battery_SPO2_Heart_Rate_Stress_Monitor_Women_Health_Tracker__Multiple_Watch_Face_[Midnight_Black]>images</a><br>
"Fire-Boltt Dagger Luxe 1.43"" Super AMOLED Display Luxury Smartwatch, Stainless Steel Build, 600 NITS Brightness with Single BT Bluetooth Connection, IP68, Dual Button Technology (Stainless Black)",[4499.0],<a href=./images/Fire-Boltt_Dagger_Luxe_1.43_Super_AMOLED_Display_Luxury_Smartwatch_Stainless_Steel_Build_600_NITS_Brightness_with_Single_BT_Bluetooth_Connection_IP68_Dual_Button_Technology_Stainless_Black>images</a><br>
Noise ColorFit Icon Buzz Bluetooth Calling Smart Watch (Black),[4999.0],<a href=./images/Noise_ColorFit_Icon_Buzz_Bluetooth_Calling_Smart_Watch_Black>images</a><br>
"Redmi Watch 2 Lite - Multi-System Standalone GPS, 3.94 cm Large HD Edge Display, Continuous SpO2, Stress & Sleep Monitoring, 24x7 HR, 5ATM, 120+ Watch Faces, 100+ Sports Modes, Women’s Health, Black",[4999.0],<a href=./images/Redmi_Watch_2_Lite_-_Multi-System_Standalone_GPS_3.94_cm_Large_HD_Edge_Display_Continuous_SpO2_Stress__Sleep_Monitoring_24x7_HR_5ATM_120plus_Watch_Faces_100plus_Sports_Modes_Women’s_Health_Black>images</a><br>
"Pebble Cosmos, Bluetooth Calling smartwatch 1.7' HD Screen with SPO2(Cobalt Blue)",[4499.0],<a href=./images/Pebble_Cosmos_Bluetooth_Calling_smartwatch_1.7_HD_Screen_with_SPO2Cobalt_Blue>images</a><br>
"Pebble Cosmos, Bluetooth Calling smartwatch 1.7' HD Screen with SPO2(Space Black)",[4499.0],<a href=./images/Pebble_Cosmos_Bluetooth_Calling_smartwatch_1.7_HD_Screen_with_SPO2Space_Black>images</a><br>
Amazfit Pop 3S Smart Watch (Black),[4499.0],<a href=./images/Amazfit_Pop_3S_Smart_Watch_Black>images</a><br>
CrossBeats Newly launched Ignite S5 Advanced AI ENC BT Calling Smartwatch,[4499.0],<a href=./images/CrossBeats_Newly_launched_Ignite_S5_Advanced_AI_ENC_BT_Calling_Smartwatch>images</a><br>
"Fire-Boltt Phoenix Pro 1.39"" Bluetooth Calling Smartwatch, AI Voice Assistant, Metal Body with 120+ Sports Modes, SpO2, Heart Rate Monitoring (Black)",[1349.0],<a href=./images/Fire-Boltt_Phoenix_Pro_1.39_Bluetooth_Calling_Smartwatch_AI_Voice_Assistant_Metal_Body_with_120plus_Sports_Modes_SpO2_Heart_Rate_Monitoring_Black>images</a><br>
"Fire-Boltt Dazzle Plus 1.81"" Smartwatch Full Touch Largest Borderless Display & 60 Sports Modes (Swimming) with IP68 Rating, Sp02 Tracking, Over 100 Cloud Based Watch Faces",[1399.0],<a href=./images/Fire-Boltt_Dazzle_Plus_1.81_Smartwatch_Full_Touch_Largest_Borderless_Display__60_Sports_Modes_Swimming_with_IP68_Rating_Sp02_Tracking_Over_100_Cloud_Based_Watch_Faces>images</a><br>
Apple Watch SE (2nd Gen) [GPS 44 mm] Smart Watch w/Starlight Aluminium Case & Starlight Sport Band,[30499.0],<a href=./images/Apple_Watch_SE_2nd_Gen_[GPS_44_mm]_Smart_Watch_wStarlight_Aluminium_Case__Starlight_Sport_Band>images</a><br>
Samsung Galaxy Watch 4  40mm Smart Watch LTE - Silver,[31999.0],<a href=./images/Samsung_Galaxy_Watch_4__40mm_Smart_Watch_LTE_-_Silver>images</a><br>
Samsung Galaxy Watch5 Bluetooth 44 mm,[31499.0],<a href=./images/Samsung_Galaxy_Watch5_Bluetooth_44_mm>images</a><br>
Apple Watch SE (2nd Gen) [GPS 44 mm] Smart Watch w/Midnight Aluminium Case & Midnight Sport Band,[31755.0],<a href=./images/Apple_Watch_SE_2nd_Gen_[GPS_44_mm]_Smart_Watch_wMidnight_Aluminium_Case__Midnight_Sport_Band>images</a><br>
"Apple Watch SE (GPS, 40mm) - Gold Aluminum Case with Pink Sand Sport Band",[29900.0],<a href=./images/Apple_Watch_SE_GPS_40mm_-_Gold_Aluminum_Case_with_Pink_Sand_Sport_Band>images</a><br>
Apple Watch SE (2nd Gen) [GPS 44 mm] Smart Watch w/Midnight Aluminium Case & Midnight Sport Band. Fitness & Sleep Tracker,[32400.0],<a href=./images/Apple_Watch_SE_2nd_Gen_[GPS_44_mm]_Smart_Watch_wMidnight_Aluminium_Case__Midnight_Sport_Band._Fitness__Sleep_Tracker>images</a><br>
"Apple Watch SE GPS MKQ13HN/A 40 mm Aluminium Case  (Grey Strap, Regular)",[29900.0],<a href=./images/Apple_Watch_SE_GPS_MKQ13HNA_40_mm_Aluminium_Case__Grey_Strap_Regular>images</a><br>
"Samsung Galaxy Watch5 Bluetooth (44 mm, Sapphire, Compatible with Android only)",[31499.0],<a href=./images/Samsung_Galaxy_Watch5_Bluetooth_44_mm_Sapphire_Compatible_with_Android_only>images</a><br>
"Apple Watch SE (2nd Gen) [GPS 44 mm] Smart Watch w/Starlight Aluminium Case & Starllight Sport Band. Fitness & Sleep Tracker, Crash Detection, Heart Rate Monitor, Retina Display, Water Resistant",[29999.0],<a href=./images/Apple_Watch_SE_2nd_Gen_[GPS_44_mm]_Smart_Watch_wStarlight_Aluminium_Case__Starllight_Sport_Band._Fitness__Sleep_Tracker_Crash_Detection_Heart_Rate_Monitor_Retina_Display_Water_Resistant>images</a><br>
Apple Watch Series SE GPS - 40 mm Silver Aluminum Case with Abyss Blue Sport Band,[29900.0],<a href=./images/Apple_Watch_Series_SE_GPS_-_40_mm_Silver_Aluminum_Case_with_Abyss_Blue_Sport_Band>images</a><br>
"Apple Watch SE (GPS, 40mm) - Gold Aluminium Case with Starlight Sport Band",[29900.0],<a href=./images/Apple_Watch_SE_GPS_40mm_-_Gold_Aluminium_Case_with_Starlight_Sport_Band>images</a><br>
Apple Watch Series 8 [GPS + Cellular 41 mm] smart watch w/ (Product)RED,[55900.0],<a href=./images/Apple_Watch_Series_8_[GPS_plus_Cellular_41_mm]_smart_watch_w_ProductRED>images</a><br>
"Apple Watch Series 7 GPS + Cellular, MKJ13HN/A 41 mm Stainless Steel Case  (Grey Strap, Regular)",[69900.0],<a href=./images/Apple_Watch_Series_7_GPS_plus_Cellular_MKJ13HNA_41_mm_Stainless_Steel_Case__Grey_Strap_Regular>images</a><br>
"Apple Watch Series 6 GPS + Cellular M09F3HN/A 44 mm Gold Stainless Steel Case with Cyprus Green Sport Band  (Green Strap, Regular)",[73900.0],<a href=./images/Apple_Watch_Series_6_GPS_plus_Cellular_M09F3HNA_44_mm_Gold_Stainless_Steel_Case_with_Cyprus_Green_Sport_Band__Green_Strap_Regular>images</a><br>
"APPLE Watch Series 6 GPS + Cellular M09D3HN/A 44 mm Silver Stainless Steel Case with White Sport Band  (White Strap, Regular)",[73900.0],<a href=./images/APPLE_Watch_Series_6_GPS_plus_Cellular_M09D3HNA_44_mm_Silver_Stainless_Steel_Case_with_White_Sport_Band__White_Strap_Regular>images</a><br>
Apple Watch Series 7 GPS + Cellular - 41 mm MKHW3HN/A Silver Stainless Steel Starlight Band,[69900.0],<a href=./images/Apple_Watch_Series_7_GPS_plus_Cellular_-_41_mm_MKHW3HNA_Silver_Stainless_Steel_Starlight_Band>images</a><br>
Apple Watch Series 7 MKJR3HN/A GPS + Cellular 45mm (Green),[53900.0],<a href=./images/Apple_Watch_Series_7_MKJR3HNA_GPS_plus_Cellular_45mm_Green>images</a><br>
"Apple Watch Series 7 GPS + Cellular, MKHY3HN/A 41 mm Stainless Steel Case  (Gold Strap, Regular)",[69900.0],<a href=./images/Apple_Watch_Series_7_GPS_plus_Cellular_MKHY3HNA_41_mm_Stainless_Steel_Case__Gold_Strap_Regular>images</a><br>
"Apple Watch Series 7 GPS + Cellular, MKJQ3HN/A 45 mm Aluminium Case  (White Strap, Regular)",[53900.0],<a href=./images/Apple_Watch_Series_7_GPS_plus_Cellular_MKJQ3HNA_45_mm_Aluminium_Case__White_Strap_Regular>images</a><br>
Apple Watch Series 7 MKJP3HN/A GPS + Cellular 45mm Smart Watch (Midnight),[53900.0],<a href=./images/Apple_Watch_Series_7_MKJP3HNA_GPS_plus_Cellular_45mm_Smart_Watch_Midnight>images</a><br>
Apple Watch Series 8 [GPS + Cellular 45 mm] Smart Watch w/ Gold Stainless Steel Case with Gold Milanese Loop,[84900.0],<a href=./images/Apple_Watch_Series_8_[GPS_plus_Cellular_45_mm]_Smart_Watch_w_Gold_Stainless_Steel_Case_with_Gold_Milanese_Loop>images</a><br>
Apple Watch Series 8 [GPS + Cellular 41 mm] Smart Watch w/ Gold Stainless Steel Case with Gold Milanese Loop,[76499.0],<a href=./images/Apple_Watch_Series_8_[GPS_plus_Cellular_41_mm]_Smart_Watch_w_Gold_Stainless_Steel_Case_with_Gold_Milanese_Loop>images</a><br>
"Apple Watch Series 6 GPS + Cellular, 44mm Gold Stainless Steel Case with Gold Milanese Loop M09G3HN/A",[77900.0],<a href=./images/Apple_Watch_Series_6_GPS_plus_Cellular_44mm_Gold_Stainless_Steel_Case_with_Gold_Milanese_Loop_M09G3HNA>images</a><br>
Apple Watch Series 8 [GPS + Cellular 45 mm] Smart Watch w/ Graphite Stainless Steel Case & Graphite Milanese Loop,[84900.0],<a href=./images/Apple_Watch_Series_8_[GPS_plus_Cellular_45_mm]_Smart_Watch_w_Graphite_Stainless_Steel_Case__Graphite_Milanese_Loop>images</a><br>
Apple Watch Series 8 [GPS + Cellular 45 mm] White Sport Band,[79900.0],<a href=./images/Apple_Watch_Series_8_[GPS_plus_Cellular_45_mm]_White_Sport_Band>images</a><br>
Apple Watch Series 8 [GPS + Cellular 45 mm] Smart Watch w/ Graphite Stainless Steel Case with Midnight Sport Band,[79900.0],<a href=./images/Apple_Watch_Series_8_[GPS_plus_Cellular_45_mm]_Smart_Watch_w_Graphite_Stainless_Steel_Case_with_Midnight_Sport_Band>images</a><br>
Apple Watch Series 8 [GPS + Cellular 41 mm] Smart Watch w/ Gold Stainless Steel Case with Starlilght Sport Band,[74900.0],<a href=./images/Apple_Watch_Series_8_[GPS_plus_Cellular_41_mm]_Smart_Watch_w_Gold_Stainless_Steel_Case_with_Starlilght_Sport_Band>images</a><br>
"Apple Watch Series 7 GPS + Cellular, MKJ03HN/A 41 mm Stainless Steel Case  (Gold Strap, Regular)",[73900.0],<a href=./images/Apple_Watch_Series_7_GPS_plus_Cellular_MKJ03HNA_41_mm_Stainless_Steel_Case__Gold_Strap_Regular>images</a><br>
"New Apple Watch Series 6 (GPS + Cellular, 44mm) - Graphite Stainless Steel Case with Black Sport Band",[73900.0],<a href=./images/New_Apple_Watch_Series_6_GPS_plus_Cellular_44mm_-_Graphite_Stainless_Steel_Case_with_Black_Sport_Band>images</a><br>
Apple Watch Series 7 GPS + Cellular - 41 mm MKJ23HN/A Graphite Stainless Steel Case with Graphite Milanese Loop,[73900.0],<a href=./images/Apple_Watch_Series_7_GPS_plus_Cellular_-_41_mm_MKJ23HNA_Graphite_Stainless_Steel_Case_with_Graphite_Milanese_Loop>images</a><br>
Apple Watch Series 7 MKHU3HN/A GPS + Cellular 41mm Smart Watch (Blue),[52900.0],<a href=./images/Apple_Watch_Series_7_MKHU3HNA_GPS_plus_Cellular_41mm_Smart_Watch_Blue>images</a><br>
Apple Watch Series 8 [GPS 45 mm] Smart Watch w/ (Product) RED Aluminium Case with (Product) RED Sport Band,[52499.0],<a href=./images/Apple_Watch_Series_8_[GPS_45_mm]_Smart_Watch_w_Product_RED_Aluminium_Case_with_Product_RED_Sport_Band>images</a><br>
Apple Watch Series 6 GPS + Cellular M06P3HN/A 40 mm Space Grey Aluminium Case with Black Sport Band,[49900.0],<a href=./images/Apple_Watch_Series_6_GPS_plus_Cellular_M06P3HNA_40_mm_Space_Grey_Aluminium_Case_with_Black_Sport_Band>images</a><br>
Apple Watch Series 7 MKHT3HN/A GPS + Cellular 41mm Smart Watch (Green),[52900.0],<a href=./images/Apple_Watch_Series_7_MKHT3HNA_GPS_plus_Cellular_41mm_Smart_Watch_Green>images</a><br>
Apple Watch Series 8 [GPS + Cellular 45 mm] Smart Watch w/ Starlight,[52499.0],<a href=./images/Apple_Watch_Series_8_[GPS_plus_Cellular_45_mm]_Smart_Watch_w_Starlight>images</a><br>
Apple Watch Series 8 [GPS + Cellular 45 mm]with Midnight Sport Band,[52499.0],<a href=./images/Apple_Watch_Series_8_[GPS_plus_Cellular_45_mm]with_Midnight_Sport_Band>images</a><br>
Apple Watch Series 8 [GPS + Cellular 45 mm] smart watch w/ (Product)RED,[52499.0],<a href=./images/Apple_Watch_Series_8_[GPS_plus_Cellular_45_mm]_smart_watch_w_ProductRED>images</a><br>
Apple Watch Series 8 [GPS 45 mm] Smart Watch w/Silver Aluminium Case with White Sport Band,[52499.0],<a href=./images/Apple_Watch_Series_8_[GPS_45_mm]_Smart_Watch_wSilver_Aluminium_Case_with_White_Sport_Band>images</a><br>
Apple Watch Series 6 GPS + Cellular M06M3HN/A 40 mm Silver Aluminium Case with White Sport Band,[49900.0],<a href=./images/Apple_Watch_Series_6_GPS_plus_Cellular_M06M3HNA_40_mm_Silver_Aluminium_Case_with_White_Sport_Band>images</a><br>
"Apple Watch Series 7 GPS + Cellular MKHR3HN/A 41 mm Aluminium Case  (White Strap, Regular)",[50900.0],<a href=./images/Apple_Watch_Series_7_GPS_plus_Cellular_MKHR3HNA_41_mm_Aluminium_Case__White_Strap_Regular>images</a><br>
"Apple Watch Series 7 GPS + Cellular MKHQ3HN/A 41 mm Aluminium Case  (Black Strap, Regular)",[50900.0],<a href=./images/Apple_Watch_Series_7_GPS_plus_Cellular_MKHQ3HNA_41_mm_Aluminium_Case__Black_Strap_Regular>images</a><br>
Apple Watch Series 6 GPS M00J3HN/A 44 mm Blue Aluminium Case with Deep Navy Sport Band,[44900.0],<a href=./images/Apple_Watch_Series_6_GPS_M00J3HNA_44_mm_Blue_Aluminium_Case_with_Deep_Navy_Sport_Band>images</a><br>
"Apple AirPods with Wireless Charging Case Bluetooth Headset with Mic (White, True Wireless)",[18900.0],<a href=./images/Apple_AirPods_with_Wireless_Charging_Case_Bluetooth_Headset_with_Mic_White_True_Wireless>images</a><br>
"Apple iPhone 12 (Purple, 256 GB)",[80900.0],<a href=./images/Apple_iPhone_12_Purple_256_GB>images</a><br>
Apple AirPods Pro MWP22HN/A (White),[24900.0],<a href=./images/Apple_AirPods_Pro_MWP22HNA_White>images</a><br>
APPLE Watch Series 6 GPS M00M3HN/A 44 mm Red Aluminium Case with Product (Red) Sport Band,[44900.0],<a href=./images/APPLE_Watch_Series_6_GPS_M00M3HNA_44_mm_Red_Aluminium_Case_with_Product_Red_Sport_Band>images</a><br>
Apple Watch Series 8 [GPS 41 mm] Smart Watch w/ Starlight,[47900.0],<a href=./images/Apple_Watch_Series_8_[GPS_41_mm]_Smart_Watch_w_Starlight>images</a><br>
"Apple Watch Series 7 GPS MKN53HN/A 45 mm Aluminium Case  (Black Strap, Regular)",[44900.0],<a href=./images/Apple_Watch_Series_7_GPS_MKN53HNA_45_mm_Aluminium_Case__Black_Strap_Regular>images</a><br>
Apple Watch Series 6 GPS + Cellular M06N3HN/A 40 mm Gold Aluminium Case with Pink Sand Sport Band,[49900.0],<a href=./images/Apple_Watch_Series_6_GPS_plus_Cellular_M06N3HNA_40_mm_Gold_Aluminium_Case_with_Pink_Sand_Sport_Band>images</a><br>
Apple Watch Series 7 GPS 45mm MKN83HN/A sport band Smart Watch (Blue),[44900.0],<a href=./images/Apple_Watch_Series_7_GPS_45mm_MKN83HNA_sport_band_Smart_Watch_Blue>images</a><br>
"Apple Watch Series 8 [GPS 41 mm] Smart Watch w/Midnight Aluminium Case with Midnight Sport Band. Fitness Tracker, Blood Oxygen & ECG Apps, Always-On Retina Display, Water Resistant",[45900.0],<a href=./images/Apple_Watch_Series_8_[GPS_41_mm]_Smart_Watch_wMidnight_Aluminium_Case_with_Midnight_Sport_Band._Fitness_Tracker_Blood_Oxygen__ECG_Apps_Always-On_Retina_Display_Water_Resistant>images</a><br>
"Apple Airpods (3rd Generation) with Magsafe Charging Case Bluetooth Headset (White, True Wireless)",[20900.0],<a href=./images/Apple_Airpods_3rd_Generation_with_Magsafe_Charging_Case_Bluetooth_Headset_White_True_Wireless>images</a><br>
Apple AirPods (2nd Generation),[25990.0],<a href=./images/Apple_AirPods_2nd_Generation>images</a><br>
"APPLE MNHF2ZM/A Wired Headset  (White, In the Ear)",[1900.0],<a href=./images/APPLE_MNHF2ZMA_Wired_Headset__White_In_the_Ear>images</a><br>
"Apple Watch Series 7 GPS MKN93HN/A 45 mm Aluminium Case  (Red Strap, Regular)",[44900.0],<a href=./images/Apple_Watch_Series_7_GPS_MKN93HNA_45_mm_Aluminium_Case__Red_Strap_Regular>images</a><br>
"APPLE Watch  MKN03HN/A  Aluminium Case  (Green Strap, Regular)",[41900.0],<a href=./images/APPLE_Watch__MKN03HNA__Aluminium_Case__Green_Strap_Regular>images</a><br>
Apple  Watch Series 6 GPS MG283HN/A 40 mm Silver Aluminum Case with White Sport Band,[43900.0],<a href=./images/Apple__Watch_Series_6_GPS_MG283HNA_40_mm_Silver_Aluminum_Case_with_White_Sport_Band>images</a><br>
"Apple Watch Series 7 GPS MKN73HN/A 45 mm Aluminium Case  (Green Strap, Regular)",[44900.0],<a href=./images/Apple_Watch_Series_7_GPS_MKN73HNA_45_mm_Aluminium_Case__Green_Strap_Regular>images</a><br>
APPLE Watch Series 6 GPS M00D3HN/A 44 mm Silver Aluminum Case with White Sport Band,[44900.0],<a href=./images/APPLE_Watch_Series_6_GPS_M00D3HNA_44_mm_Silver_Aluminum_Case_with_White_Sport_Band>images</a><br>
Apple Watch Series 6 GPS M00E3HN/A 44 mm Gold Aluminium Case with Pink Sand Sport Band,[44900.0],<a href=./images/Apple_Watch_Series_6_GPS_M00E3HNA_44_mm_Gold_Aluminium_Case_with_Pink_Sand_Sport_Band>images</a><br>
"Apple Watch Series 8 [GPS 41 mm] Smart Watch w/ (Product) RED Aluminium Case with (Product) RED Sport Band. Fitness Tracker, Blood Oxygen & ECG Apps, Always-On Retina Display, Water Resistant",[41999.0],<a href=./images/Apple_Watch_Series_8_[GPS_41_mm]_Smart_Watch_w_Product_RED_Aluminium_Case_with_Product_RED_Sport_Band._Fitness_Tracker_Blood_Oxygen__ECG_Apps_Always-On_Retina_Display_Water_Resistant>images</a><br>
"Samsung Galaxy Watch 4 Classic 46mm Smartwatch, Silver",[42999.0],<a href=./images/Samsung_Galaxy_Watch_4_Classic_46mm_Smartwatch_Silver>images</a><br>
"Samsung Galaxy Watch5 Pro Bluetooth (45 mm, Gray Titanium, Compatible with Android only)",[43499.0],<a href=./images/Samsung_Galaxy_Watch5_Pro_Bluetooth_45_mm_Gray_Titanium_Compatible_with_Android_only>images</a><br>
"Samsung Electronics Galaxy Watch 4 Classic 46mm Smartwatch , Black",[42999.0],<a href=./images/Samsung_Electronics_Galaxy_Watch_4_Classic_46mm_Smartwatch__Black>images</a><br>
Samsung Galaxy Watch4 Classic LTE (42mm) Black,[39999.0],<a href=./images/Samsung_Galaxy_Watch4_Classic_LTE_42mm_Black>images</a><br>
RIGOHILL Doger Olive Green Mens Leather Wallet,[2499.0],<a href=./images/RIGOHILL_Doger_Olive_Green_Mens_Leather_Wallet>images</a><br>
"APPLE Watch MKMX3HN/A  (Black Strap, Regular)",[41900.0],<a href=./images/APPLE_Watch_MKMX3HNA__Black_Strap_Regular>images</a><br>
HORNBULL Eddie Green Leather Wallet for Men,[2499.0],<a href=./images/HORNBULL_Eddie_Green_Leather_Wallet_for_Men>images</a><br>
Hornbull Men's Stella Brown Genuine Leather RFID Blocking Wallet,[2499.0],<a href=./images/Hornbull_Mens_Stella_Brown_Genuine_Leather_RFID_Blocking_Wallet>images</a><br>
"SAMSUNG Galaxy Watch 4 Classic 42mm Smartwatch , Silver",[37999.0],<a href=./images/SAMSUNG_Galaxy_Watch_4_Classic_42mm_Smartwatch__Silver>images</a><br>
Samsung Galaxy Watch4 Classic LTE (42mm) Silver,[36999.0],<a href=./images/Samsung_Galaxy_Watch4_Classic_LTE_42mm_Silver>images</a><br>
"Apple Watch MKT53HN/A Aluminium Case  (Grey Strap, Regular)",[36900.0],<a href=./images/Apple_Watch_MKT53HNA_Aluminium_Case__Grey_Strap_Regular>images</a><br>
"APPLE Watch  MKT13HN/A  Aluminium Case  (Gold Strap, Regular)",[36900.0],<a href=./images/APPLE_Watch__MKT13HNA__Aluminium_Case__Gold_Strap_Regular>images</a><br>
"Apple Watch SE GPS + Cellular MKT03HN/A 44 mm Aluminium Case  (Silver Strap, Regular)",[36900.0],<a href=./images/Apple_Watch_SE_GPS_plus_Cellular_MKT03HNA_44_mm_Aluminium_Case__Silver_Strap_Regular>images</a><br>
Apple Watch SE GPS + Cellular MYEV2HN/A 44 mm Silver Aluminium Case with White Sport Band,[36900.0],<a href=./images/Apple_Watch_SE_GPS_plus_Cellular_MYEV2HNA_44_mm_Silver_Aluminium_Case_with_White_Sport_Band>images</a><br>
"Apple Watch SE GPS + Cellular MYEW2HN/A 44 mm Silver Aluminium Case with Deep Navy Sport Loop  (Blue Strap, Regular)",[36900.0],<a href=./images/Apple_Watch_SE_GPS_plus_Cellular_MYEW2HNA_44_mm_Silver_Aluminium_Case_with_Deep_Navy_Sport_Loop__Blue_Strap_Regular>images</a><br>
"Apple Watch SE GPS + Cellular MKRY3HN/A 44 mm Aluminium Case  (Silver Strap, Regular)",[36900.0],<a href=./images/Apple_Watch_SE_GPS_plus_Cellular_MKRY3HNA_44_mm_Aluminium_Case__Silver_Strap_Regular>images</a><br>
Apple Watch SE GPS + Cellular MYF12HN/A 44 mm Space Grey Aluminium Case with Charcoal Sport Loop,[36900.0],<a href=./images/Apple_Watch_SE_GPS_plus_Cellular_MYF12HNA_44_mm_Space_Grey_Aluminium_Case_with_Charcoal_Sport_Loop>images</a><br>
"Apple Watch  MKT23HN/A Aluminium Case  (Gold Strap, Regular)",[36900.0],<a href=./images/Apple_Watch__MKT23HNA_Aluminium_Case__Gold_Strap_Regular>images</a><br>
Apple Watch SE MYEY2HN/A GPS + Cellular 44 mm Gold Aluminum Dial Smart Watch (Plum),[36900.0],<a href=./images/Apple_Watch_SE_MYEY2HNA_GPS_plus_Cellular_44_mm_Gold_Aluminum_Dial_Smart_Watch_Plum>images</a><br>
Apple Watch SE GPS + Cellular MYF02HN/A 44 mm Space Grey Aluminium Case with Black Sport Band,[36900.0],<a href=./images/Apple_Watch_SE_GPS_plus_Cellular_MYF02HNA_44_mm_Space_Grey_Aluminium_Case_with_Black_Sport_Band>images</a><br>
"Apple Watch Smart Watch (MKT33HN/A, Space Grey)",[36900.0],<a href=./images/Apple_Watch_Smart_Watch_MKT33HNA_Space_Grey>images</a><br>
"Apple Watch MKQY3HN/A  Aluminium Case  (Gold Strap, Regular)",[35900.0],<a href=./images/Apple_Watch_MKQY3HNA__Aluminium_Case__Gold_Strap_Regular>images</a><br>
"Apple Watch SE (GPS + Cellular, 40mm) - Gold Aluminium Case with Starlight Sport Band - Regular",[35400.0],<a href=./images/Apple_Watch_SE_GPS_plus_Cellular_40mm_-_Gold_Aluminium_Case_with_Starlight_Sport_Band_-_Regular>images</a><br>
"Samsung Galaxy Watch4 Classic Bluetooth (4.2cm, Silver)",[34999.0],<a href=./images/Samsung_Galaxy_Watch4_Classic_Bluetooth_4.2cm_Silver>images</a><br>
Samsung Galaxy Watch4 LTE (4.4cm) Smartwatch (Green),[34999.0],<a href=./images/Samsung_Galaxy_Watch4_LTE_4.4cm_Smartwatch_Green>images</a><br>
Apple Watch SE (2nd Gen) [GPS 40 mm] Smart Watch w/Silver Aluminium Case & White Sport Band,[34900.0],<a href=./images/Apple_Watch_SE_2nd_Gen_[GPS_40_mm]_Smart_Watch_wSilver_Aluminium_Case__White_Sport_Band>images</a><br>
Apple Watch SE (2nd Gen) [GPS 44 mm] Smart Watch w/Silver Aluminium Case & White Sport Band,[34900.0],<a href=./images/Apple_Watch_SE_2nd_Gen_[GPS_44_mm]_Smart_Watch_wSilver_Aluminium_Case__White_Sport_Band>images</a><br>
"Samsung Galaxy Watch5 LTE (44 mm, Graphite, Compatible with Android only)",[34490.0],<a href=./images/Samsung_Galaxy_Watch5_LTE_44_mm_Graphite_Compatible_with_Android_only>images</a><br>
"Apple Watch SE GPS + Cellular, 40mm Gold Aluminium Case With Plum Sport Loop",[33900.0],<a href=./images/Apple_Watch_SE_GPS_plus_Cellular_40mm_Gold_Aluminium_Case_With_Plum_Sport_Loop>images</a><br>
"Apple Watch MKR23HN/A  Aluminium Case  (Grey Strap, Regular)",[33900.0],<a href=./images/Apple_Watch_MKR23HNA__Aluminium_Case__Grey_Strap_Regular>images</a><br>
"Apple Watch SE GPS + Cellular, 40mm Space Gray Aluminium Case With Black Sport Band",[33900.0],<a href=./images/Apple_Watch_SE_GPS_plus_Cellular_40mm_Space_Gray_Aluminium_Case_With_Black_Sport_Band>images</a><br>
"Apple Watch SE GPS + Cellular, 40mm Space Gray Aluminium Case With Charcoal Sport Loop",[33900.0],<a href=./images/Apple_Watch_SE_GPS_plus_Cellular_40mm_Space_Gray_Aluminium_Case_With_Charcoal_Sport_Loop>images</a><br>
"Apple Watch SE GPS + Cellular, 40mm Silver Aluminium Case With Deep Navy Sport Loop",[33900.0],<a href=./images/Apple_Watch_SE_GPS_plus_Cellular_40mm_Silver_Aluminium_Case_With_Deep_Navy_Sport_Loop>images</a><br>
Apple Watch SE MYEF2HN/A GPS + Cellular 40 mm Silver Aluminum Dial Smart Watch With White Sport Band,[33900.0],<a href=./images/Apple_Watch_SE_MYEF2HNA_GPS_plus_Cellular_40_mm_Silver_Aluminum_Dial_Smart_Watch_With_White_Sport_Band>images</a><br>
"Apple Watch MKR33HN/A  Aluminium Case  (Grey Strap, Regular)",[33900.0],<a href=./images/Apple_Watch_MKR33HNA__Aluminium_Case__Grey_Strap_Regular>images</a><br>
Apple Watch SE MYDR2HN/A GPS 44mm Aluminium Dial Smart Watch (Gold),[32900.0],<a href=./images/Apple_Watch_SE_MYDR2HNA_GPS_44mm_Aluminium_Dial_Smart_Watch_Gold>images</a><br>
Apple Watch SE MYDT2HN/A GPS 44mm Aluminium Dial Smart Watch (Space Gray),[32900.0],<a href=./images/Apple_Watch_SE_MYDT2HNA_GPS_44mm_Aluminium_Dial_Smart_Watch_Space_Gray>images</a><br>
Apple Watch SE MYDQ2HN/A GPS 44mm Aluminium Dial Smart Watch (Silver),[32900.0],<a href=./images/Apple_Watch_SE_MYDQ2HNA_GPS_44mm_Aluminium_Dial_Smart_Watch_Silver>images</a><br>
"Apple Watch SE GPS MKQ53HN/A 44 mm Aluminium Case  (Gold Strap, Regular)",[32900.0],<a href=./images/Apple_Watch_SE_GPS_MKQ53HNA_44_mm_Aluminium_Case__Gold_Strap_Regular>images</a><br>
"Apple Watch MKQ63HN/A Aluminium Case  (Grey Strap, Regular)",[32900.0],<a href=./images/Apple_Watch_MKQ63HNA_Aluminium_Case__Grey_Strap_Regular>images</a><br>
"Apple Watch Smart Watch, (MKQV3HN/A, Silver/Blue Band)",[32900.0],<a href=./images/Apple_Watch_Smart_Watch_MKQV3HNA_SilverBlue_Band>images</a><br>
"Apple Watch MKQW3HN/A  Aluminium Case  (Silver Strap, Regular)",[32900.0],<a href=./images/Apple_Watch_MKQW3HNA__Aluminium_Case__Silver_Strap_Regular>images</a><br>
"APPLE Watch MKQX3HN/A Aluminium Case  (Gold Strap, Regular)",[32900.0],<a href=./images/APPLE_Watch_MKQX3HNA_Aluminium_Case__Gold_Strap_Regular>images</a><br>
"Apple Watch SE GPS MKQ43HN/A 44 mm Aluminium Case  (Silver Strap, Regular)",[32900.0],<a href=./images/Apple_Watch_SE_GPS_MKQ43HNA_44_mm_Aluminium_Case__Silver_Strap_Regular>images</a><br>
"Apple Watch SE (GPS + Cellular, 44mm) - Space Grey Aluminium Case",[32900.0],<a href=./images/Apple_Watch_SE_GPS_plus_Cellular_44mm_-_Space_Grey_Aluminium_Case>images</a><br>
Apple Watch SE Gold GPS 40 mm Aluminium Case with Starlight Sport Band,[29900.0],<a href=./images/Apple_Watch_SE_Gold_GPS_40_mm_Aluminium_Case_with_Starlight_Sport_Band>images</a><br>
"Samsung Galaxy Watch5 Bluetooth (44 mm, Silver, Compatible with Android only)",[29499.0],<a href=./images/Samsung_Galaxy_Watch5_Bluetooth_44_mm_Silver_Compatible_with_Android_only>images</a><br>
"Samsung Galaxy Watch5 LTE (40 mm, Pink Gold, Compatible with Android only)",[28499.0],<a href=./images/Samsung_Galaxy_Watch5_LTE_40_mm_Pink_Gold_Compatible_with_Android_only>images</a><br>
"Apple Watch SE (2nd Gen) [GPS 40 mm] Smart Watch w/Midnight Aluminium Case & Midnight Sport Band. Fitness & Sleep Tracker, Crash Detection, Heart Rate Monitor, Retina Display, Water Resistant",[26999.0],<a href=./images/Apple_Watch_SE_2nd_Gen_[GPS_40_mm]_Smart_Watch_wMidnight_Aluminium_Case__Midnight_Sport_Band._Fitness__Sleep_Tracker_Crash_Detection_Heart_Rate_Monitor_Retina_Display_Water_Resistant>images</a><br>
"Samsung Galaxy Watch5 LTE (40 mm, Graphite, Compatible with Android only)",[26490.0],<a href=./images/Samsung_Galaxy_Watch5_LTE_40_mm_Graphite_Compatible_with_Android_only>images</a><br>
"Samsung Galaxy Watch5 Bluetooth (44 mm, Graphite, Compatible with Android only)",[26490.0],<a href=./images/Samsung_Galaxy_Watch5_Bluetooth_44_mm_Graphite_Compatible_with_Android_only>images</a><br>
Apple Watch SE (2nd Gen) [GPS 40 mm] Smart Watch w/Starlight Aluminium Case & Starlight Sport Band,[25499.0],<a href=./images/Apple_Watch_SE_2nd_Gen_[GPS_40_mm]_Smart_Watch_wStarlight_Aluminium_Case__Starlight_Sport_Band>images</a><br>
Apple Watch SE 2nd Gen GPS 40 mm Smart Watch w Midnight Aluminium Case Midnight Sport Band Fitness Sleep Tracker,[24499.0],<a href=./images/Apple_Watch_SE_2nd_Gen_GPS_40_mm_Smart_Watch_w_Midnight_Aluminium_Case_Midnight_Sport_Band_Fitness_Sleep_Tracker>images</a><br>
"Apple Watch Series 3 GPS - MTF32HN/A 42 mm Space Grey Aluminium Case with Black Sport Band  (Black Strap, Regular)",[23900.0],<a href=./images/Apple_Watch_Series_3_GPS_-_MTF32HNA_42_mm_Space_Grey_Aluminium_Case_with_Black_Sport_Band__Black_Strap_Regular>images</a><br>
Amazfit GTR 3 Smartwatch(Black),[18999.0],<a href=./images/Amazfit_GTR_3_SmartwatchBlack>images</a><br>
Casio G-Shock Analog-Digital Black Dial Men's Watch-GG-1000-1ADR (G660),[18895.0],<a href=./images/Casio_G-Shock_Analog-Digital_Black_Dial_Mens_Watch-GG-1000-1ADR_G660>images</a><br>
Casio G-Shock Analog-Digital Black Dial Men's Watch-GG-1000-1A3DR (G662),[18805.0],<a href=./images/Casio_G-Shock_Analog-Digital_Black_Dial_Mens_Watch-GG-1000-1A3DR_G662>images</a><br>
Fire-Boltt Invincible 1.39 AMOLED 454x454 Bluetooth Calling Smartwatch (BSW020),[15999.0],<a href=./images/Fire-Boltt_Invincible_1.39_AMOLED_454x454_Bluetooth_Calling_Smartwatch_BSW020>images</a><br>
Fitbit Charge 5 Advanced Health & Fitness Tracker with Built-in GPS,[13499.0],<a href=./images/Fitbit_Charge_5_Advanced_Health__Fitness_Tracker_with_Built-in_GPS>images</a><br>
"Fire-Boltt Terra AMOLED Always ON 390*390 Pixel Full Touch Screen, Spo2 & Heart Rate Monitoring Smartwatch",[12999.0],<a href=./images/Fire-Boltt_Terra_AMOLED_Always_ON_390X390_Pixel_Full_Touch_Screen_Spo2__Heart_Rate_Monitoring_Smartwatch>images</a><br>
"Fire-Boltt Terra AMOLED Always ON 390*390 Pixel Full Touch Screen, Spo2 & Heart Rate Monitoring Smartwatch",[12999.0],<a href=./images/Fire-Boltt_Terra_AMOLED_Always_ON_390X390_Pixel_Full_Touch_Screen_Spo2__Heart_Rate_Monitoring_Smartwatch>images</a><br>
"Samsung Galaxy Watch4 Bluetooth(4.0 cm, Black, Compatible with Android only)",[12490.0],<a href=./images/Samsung_Galaxy_Watch4_Bluetooth4.0_cm_Black_Compatible_with_Android_only>images</a><br>
Fitbit Charge 4 Special Edition Fitness and Activity Tracker with Built-in GPS,[11999.0],<a href=./images/Fitbit_Charge_4_Special_Edition_Fitness_and_Activity_Tracker_with_Built-in_GPS>images</a><br>
WildHorn Leather Wallet for Men,[1499.0],<a href=./images/WildHorn_Leather_Wallet_for_Men>images</a><br>
"Samsung Galaxy Watch4 Bluetooth(4.0 cm, Pink Gold, Compatible with Android only)",[11490.0],<a href=./images/Samsung_Galaxy_Watch4_Bluetooth4.0_cm_Pink_Gold_Compatible_with_Android_only>images</a><br>
WildHorn Oliver Black Leather Wallet for Men,[1499.0],<a href=./images/WildHorn_Oliver_Black_Leather_Wallet_for_Men>images</a><br>
Apple Watch Series 8 [GPS 45 mm] Smart Watch w/Midnight Aluminium Case with Midnight Sport Band,[41499.0],<a href=./images/Apple_Watch_Series_8_[GPS_45_mm]_Smart_Watch_wMidnight_Aluminium_Case_with_Midnight_Sport_Band>images</a><br>
"Samsung Galaxy Watch4 Classic Bluetooth(4.6cm, Black)",[37999.0],<a href=./images/Samsung_Galaxy_Watch4_Classic_Bluetooth4.6cm_Black>images</a><br>
"APPLE Watch Series 7 GPS MKN13HN/A 41 mm Aluminium Case  (Blue Strap, Regular)",[41900.0],<a href=./images/APPLE_Watch_Series_7_GPS_MKN13HNA_41_mm_Aluminium_Case__Blue_Strap_Regular>images</a><br>
Casio Edifice Bluetooth Connect Analog-Digital Black Dial Men's Watch-ECB-10PB-1ADF (ED496),[11196.0],<a href=./images/Casio_Edifice_Bluetooth_Connect_Analog-Digital_Black_Dial_Mens_Watch-ECB-10PB-1ADF_ED496>images</a><br>
Fire-Boltt Call Bluetooth Calling Smartwatch (BSW014),[9999.0],<a href=./images/Fire-Boltt_Call_Bluetooth_Calling_Smartwatch_BSW014>images</a><br>
"Fire-Boltt Beast Pro Bluetooth Calling 1.69” with Voice Assistance, Spo2 Monitoring,  Smartwatch (BSW016)",[9999.0],<a href=./images/Fire-Boltt_Beast_Pro_Bluetooth_Calling_1.69”_with_Voice_Assistance_Spo2_Monitoring__Smartwatch_BSW016>images</a><br>
Fire-Boltt Call Bluetooth Calling Smartwatch  (BSW014),[9999.0],<a href=./images/Fire-Boltt_Call_Bluetooth_Calling_Smartwatch__BSW014>images</a><br>
Fire-Boltt Call Bluetooth Calling Smartwatch (BSW014),[9999.0],<a href=./images/Fire-Boltt_Call_Bluetooth_Calling_Smartwatch_BSW014>images</a><br>
Fire-Boltt Call Bluetooth Calling Smartwatch (BSW014),[9999.0],<a href=./images/Fire-Boltt_Call_Bluetooth_Calling_Smartwatch_BSW014>images</a><br>
"Fire-Boltt SupremeSmart Watch (1.79"" Pink), Large (BSW001)",[9999.0],<a href=./images/Fire-Boltt_SupremeSmart_Watch_1.79_Pink_Large_BSW001>images</a><br>
"Fire-Boltt Beast Pro Bluetooth Calling 1.69” with Voice Assistance,Spo2 Monitoring Smartwatch (BSW016)",[9999.0],<a href=./images/Fire-Boltt_Beast_Pro_Bluetooth_Calling_1.69”_with_Voice_AssistanceSpo2_Monitoring_Smartwatch_BSW016>images</a><br>
"Fire-Boltt SupremeSmart Watch (1.79"" Gray), Large (BSW001)",[9999.0],<a href=./images/Fire-Boltt_SupremeSmart_Watch_1.79_Gray_Large_BSW001>images</a><br>
"Fire-Boltt Max 1.78“ AMOLED Always ON Display with 368 x 448 Super Retina , Spo2 & Heart Rate Monitor Smart Watch (Dark Blue)",[9999.0],<a href=./images/Fire-Boltt_Max_1.78“_AMOLED_Always_ON_Display_with_368_x_448_Super_Retina__Spo2__Heart_Rate_Monitor_Smart_Watch_Dark_Blue>images</a><br>
"Fire-Boltt 360 Pro Bluetooth Calling, Local Music and TWS Pairing, 360*360 PRO Display Smart Watch (Tarnish Orange)",[9999.0],<a href=./images/Fire-Boltt_360_Pro_Bluetooth_Calling_Local_Music_and_TWS_Pairing_360X360_PRO_Display_Smart_Watch_Tarnish_Orange>images</a><br>
"Fire-Boltt SupremeSmart Watch -(1.79"" Blue), Large (BSW001)",[9999.0],<a href=./images/Fire-Boltt_SupremeSmart_Watch_-1.79_Blue_Large_BSW001>images</a><br>
Casio Analog Digital Black Dial Men s Watch GA 2100 1A1DR G987,[9195.0],<a href=./images/Casio_Analog_Digital_Black_Dial_Men_s_Watch_GA_2100_1A1DR_G987>images</a><br>
Casio Analog Digital Black Dial Men s Watch GA 2100 1A1DR G987,[9195.0],<a href=./images/Casio_Analog_Digital_Black_Dial_Men_s_Watch_GA_2100_1A1DR_G987>images</a><br>
"Fire-Boltt SupremeSmart Watch - Black, Large (BSW018)",[9999.0],<a href=./images/Fire-Boltt_SupremeSmart_Watch_-_Black_Large_BSW018>images</a><br>
Casio Analog-Digital Black Dial Men's Watch-GA-2100-1A1DR (G987),[9103.0],<a href=./images/Casio_Analog-Digital_Black_Dial_Mens_Watch-GA-2100-1A1DR_G987>images</a><br>
Casio G-Shock Men Black Dial Analog-Digital GA-140-1A1DR ( G975 ),[8795.0],<a href=./images/Casio_G-Shock_Men_Black_Dial_Analog-Digital_GA-140-1A1DR__G975_>images</a><br>
Casio Edifice Analog-Digital Black Dial Men ECB-30D-1ADF (EX545),[8606.0],<a href=./images/Casio_Edifice_Analog-Digital_Black_Dial_Men_ECB-30D-1ADF_EX545>images</a><br>
Casio G-Shock Men Black Dial Analog-Digital GA-140-1A4DR ( G976 ),[8795.0],<a href=./images/Casio_G-Shock_Men_Black_Dial_Analog-Digital_GA-140-1A4DR__G976_>images</a><br>
Zebronics ZEB-FIT4220CH Smart Fitness Watch,[7999.0],<a href=./images/Zebronics_ZEB-FIT4220CH_Smart_Fitness_Watch>images</a><br>
Amazfit GTS 4 Mini Smart Watch,[8499.0],<a href=./images/Amazfit_GTS_4_Mini_Smart_Watch>images</a><br>
Amazfit Zepp E Stylish Smart Watch,[7499.0],<a href=./images/Amazfit_Zepp_E_Stylish_Smart_Watch>images</a><br>
Casio G-Shock Digital Gold Dial Men's Watch-DW-5600BBMB-1DR (G861),[7295.0],<a href=./images/Casio_G-Shock_Digital_Gold_Dial_Mens_Watch-DW-5600BBMB-1DR_G861>images</a><br>
"Fastrack Reflex VOX Smartwatch with Alexa Built-in,1.69 ,Life-38072AP01 (Carbon Red)",[6995.0],<a href=./images/Fastrack_Reflex_VOX_Smartwatch_with_Alexa_Built-in1.69_Life-38072AP01_Carbon_Red>images</a><br>
"Amazfit Bip U Pro Smartwatch (Green Strap, Regular)",[6999.0],<a href=./images/Amazfit_Bip_U_Pro_Smartwatch_Green_Strap_Regular>images</a><br>
"Fastrack Reflex VOX Smartwatch with Alexa Built-in,1.69 ,Life-38072AP01 (Carbon Pink)",[6995.0],<a href=./images/Fastrack_Reflex_VOX_Smartwatch_with_Alexa_Built-in1.69_Life-38072AP01_Carbon_Pink>images</a><br>
"Fastrack Reflex VOX Smartwatch with Alexa Built-in,1.69 ,Life-38072AP01 (Carbon Blue)",[6995.0],<a href=./images/Fastrack_Reflex_VOX_Smartwatch_with_Alexa_Built-in1.69_Life-38072AP01_Carbon_Blue>images</a><br>
"Fastrack Reflex VOX Smartwatch with Alexa Built-in,1.69"" ,Life-38072AP01  (Carbon Black)",[6995.0],<a href=./images/Fastrack_Reflex_VOX_Smartwatch_with_Alexa_Built-in1.69_Life-38072AP01__Carbon_Black>images</a><br>
Fitbit Inspire 2 Health & Fitness Tracker with a Free 1-Year Premium Trial,[6799.0],<a href=./images/Fitbit_Inspire_2_Health__Fitness_Tracker_with_a_Free_1-Year_Premium_Trial>images</a><br>
Casio Digital Black Dial Men's Watch-DW-5900-1DR (G909),[6595.0],<a href=./images/Casio_Digital_Black_Dial_Mens_Watch-DW-5900-1DR_G909>images</a><br>
"fire boltt Saturn-1.78""AMOLED-368*448 Resolution Curved Display - Bluetooth Calling Smartwatch (Black Strap, Free Size)",[6499.0],<a href=./images/fire_boltt_Saturn-1.78AMOLED-368X448_Resolution_Curved_Display_-_Bluetooth_Calling_Smartwatch_Black_Strap_Free_Size>images</a><br>
"fire boltt ATLAS-1.95"" Crystal Clear 320*385 Pixels Display -Bluetooth Calling & Metal Body Smartwatch (Brown Strap, Free Size)",[6499.0],<a href=./images/fire_boltt_ATLAS-1.95_Crystal_Clear_320X385_Pixels_Display_-Bluetooth_Calling__Metal_Body_Smartwatch_Brown_Strap_Free_Size>images</a><br>
"GOQii Smart Vital Plus SpO2 1.57"" HD Full Touch Smart Notification IP68 Smart Watch",[6499.0],<a href=./images/GOQii_Smart_Vital_Plus_SpO2_1.57_HD_Full_Touch_Smart_Notification_IP68_Smart_Watch>images</a><br>
Casio Vintage Series Digital Rose Gold Dial Women's Watch-B640WC-5ADF,[5995.0],<a href=./images/Casio_Vintage_Series_Digital_Rose_Gold_Dial_Womens_Watch-B640WC-5ADF>images</a><br>
Casio Enticer Analog Black Dial Men MTP-1374HD-2AVIF ( A1646 ),[5995.0],<a href=./images/Casio_Enticer_Analog_Black_Dial_Men_MTP-1374HD-2AVIF__A1646_>images</a><br>
boAt Wave Prime47 Smart Watch,[5990.0],<a href=./images/boAt_Wave_Prime47_Smart_Watch>images</a><br>
"GOQii Smart Vital Lite 1.4"" Inch HD Full Touch Display With SpO2",[5499.0],<a href=./images/GOQii_Smart_Vital_Lite_1.4_Inch_HD_Full_Touch_Display_With_SpO2>images</a><br>
"GOQii Smart Vital Lite 1.4"" Inch HD Full Touch Display With SpO2",[5499.0],<a href=./images/GOQii_Smart_Vital_Lite_1.4_Inch_HD_Full_Touch_Display_With_SpO2>images</a><br>
OnePlus Nord Watch with 1 78ΓÇ¥ AMOLED Display,[5498.0],<a href=./images/OnePlus_Nord_Watch_with_1_78ΓÇ¥_AMOLED_Display>images</a><br>
Amazfit Pop 3S Smart Watch (SIlver),[5499.0],<a href=./images/Amazfit_Pop_3S_Smart_Watch_SIlver>images</a><br>
Casio Vintage Digital Black Dial Unisex A168WEGB-1BDF ( D148 ),[5295.0],<a href=./images/Casio_Vintage_Digital_Black_Dial_Unisex_A168WEGB-1BDF__D148_>images</a><br>
Intex FitRist Vogue Smart Watch 1.7 Vision Glass Display Royal(Black),[5107.0],<a href=./images/Intex_FitRist_Vogue_Smart_Watch_1.7_Vision_Glass_Display_RoyalBlack>images</a><br>
"Just Corseca SNUGAR Calling smartwatch with SpO2, 1.69 Inch Full Touch Screen (Gold)",[5099.0],<a href=./images/Just_Corseca_SNUGAR_Calling_smartwatch_with_SpO2_1.69_Inch_Full_Touch_Screen_Gold>images</a><br>
"Fire-Boltt Invincible Plus 1.43"" AMOLED Display Smartwatch with Bluetooth Calling, TWS Connection, 300+ Sports Modes, 110 in-Built Watch Faces, 4GB Storage & AI Voice Assistant (Black)",[4499.0],<a href=./images/Fire-Boltt_Invincible_Plus_1.43_AMOLED_Display_Smartwatch_with_Bluetooth_Calling_TWS_Connection_300plus_Sports_Modes_110_in-Built_Watch_Faces_4GB_Storage__AI_Voice_Assistant_Black>images</a><br>
Fastrack Limitless FS1 Pro Smart Watch,[4495.0],<a href=./images/Fastrack_Limitless_FS1_Pro_Smart_Watch>images</a><br>
Just Croseca Slingshot Smartwatch (Rose Gold),[4240.0],<a href=./images/Just_Croseca_Slingshot_Smartwatch_Rose_Gold>images</a><br>
"realme Smart Watch 2 Pro (Neo Grey) with 1.75"" HD Super Bright Touchscreen",[4450.0],<a href=./images/realme_Smart_Watch_2_Pro_Neo_Grey_with_1.75_HD_Super_Bright_Touchscreen>images</a><br>
"Fire-Boltt Blizzard 1.28"" Luxury watch with BT Calling,Stainless Steel Body & Health Suite Smartwatch (Rose Gold Strap, Free Size)",[4100.0],<a href=./images/Fire-Boltt_Blizzard_1.28_Luxury_watch_with_BT_CallingStainless_Steel_Body__Health_Suite_Smartwatch_Rose_Gold_Strap_Free_Size>images</a><br>
Just Croseca Slingshot Smartwatch(Black),[4240.0],<a href=./images/Just_Croseca_Slingshot_SmartwatchBlack>images</a><br>
"Fire-Boltt Blizzard 1.28"" Luxury watch with BT Calling,Stainless Steel Body & Health Suite Smartwatch (Gold Strap, Free Size)",[4100.0],<a href=./images/Fire-Boltt_Blizzard_1.28_Luxury_watch_with_BT_CallingStainless_Steel_Body__Health_Suite_Smartwatch_Gold_Strap_Free_Size>images</a><br>
"Fire-Boltt Blizzard 1.28"" Luxury watch with BT Calling,Stainless Steel Body & Health Suite Smartwatch (Active Black Strap, Free Size)",[4100.0],<a href=./images/Fire-Boltt_Blizzard_1.28_Luxury_watch_with_BT_CallingStainless_Steel_Body__Health_Suite_Smartwatch_Active_Black_Strap_Free_Size>images</a><br>
"CrossBeats Newly Launched Ignite Surge Rotating Crown 1.83"" Bright 1000 Nits Super AMOLED Anti-Glare",[3999.0],<a href=./images/CrossBeats_Newly_Launched_Ignite_Surge_Rotating_Crown_1.83_Bright_1000_Nits_Super_AMOLED_Anti-Glare>images</a><br>
Noise ColorFit Pro 4 Alpha Bluetooth Calling Smart Watch with 1 78 AMOLED Display,[3999.0],<a href=./images/Noise_ColorFit_Pro_4_Alpha_Bluetooth_Calling_Smart_Watch_with_1_78_AMOLED_Display>images</a><br>
"NoiseFit Halo 1.43"" AMOLED Display, Bluetooth Calling Round Dial Smart Watch",[3999.0],<a href=./images/NoiseFit_Halo_1.43_AMOLED_Display_Bluetooth_Calling_Round_Dial_Smart_Watch>images</a><br>
"Noise ColorFit Pro 4 Alpha 1.78"" AMOLED Display",[3999.0],<a href=./images/Noise_ColorFit_Pro_4_Alpha_1.78_AMOLED_Display>images</a><br>
Zebronics ICONIC ULTRA AMOLED Smart watch,[3999.0],<a href=./images/Zebronics_ICONIC_ULTRA_AMOLED_Smart_watch>images</a><br>
"Noise ColorFit Ultra 2 with 1.78"" AMOLED Display, Best-in-Class Resolution (Silver Grey)",[3999.0],<a href=./images/Noise_ColorFit_Ultra_2_with_1.78_AMOLED_Display_Best-in-Class_Resolution_Silver_Grey>images</a><br>
"CrossBeats Ignite S5 Advanced AI ENC BT Calling Smartwatch, 1.96” Super AMOLED Anti-Glare Screen, Always on Display",[3999.0],<a href=./images/CrossBeats_Ignite_S5_Advanced_AI_ENC_BT_Calling_Smartwatch_1.96”_Super_AMOLED_Anti-Glare_Screen_Always_on_Display>images</a><br>
"Fire-Boltt Newly Launched Infinity Luxe Vivid 1.6” HD Round Display, Stainless Steel Luxury Smartwatch 4GB Inbuilt Storage, Bluetooth Calling, TWS Connectivity, 100+ Watch Faces (Rose Gold)",[3999.0],<a href=./images/Fire-Boltt_Newly_Launched_Infinity_Luxe_Vivid_1.6”_HD_Round_Display_Stainless_Steel_Luxury_Smartwatch_4GB_Inbuilt_Storage_Bluetooth_Calling_TWS_Connectivity_100plus_Watch_Faces_Rose_Gold>images</a><br>
"boAt Lunar Call Pro Smart Watch with 1.39 AMOLED Display, BT Calling,DIY Watch Face Studio, Coins, SensAI(Cricket Analysis),Apollo 3 Blue Plus Processor,Ambient Light Sensor(Deep Blue)",[3999.0],<a href=./images/boAt_Lunar_Call_Pro_Smart_Watch_with_1.39_AMOLED_Display_BT_CallingDIY_Watch_Face_Studio_Coins_SensAICricket_AnalysisApollo_3_Blue_Plus_ProcessorAmbient_Light_SensorDeep_Blue>images</a><br>
"Fire-Boltt Newly Launched Infinity Luxe Vivid 1.6” HD Round Display, Stainless Steel Luxury Smartwatch 4GB Inbuilt Storage, Bluetooth Calling, TWS Connectivity, 100+ Watch Faces (Gold)",[3999.0],<a href=./images/Fire-Boltt_Newly_Launched_Infinity_Luxe_Vivid_1.6”_HD_Round_Display_Stainless_Steel_Luxury_Smartwatch_4GB_Inbuilt_Storage_Bluetooth_Calling_TWS_Connectivity_100plus_Watch_Faces_Gold>images</a><br>
"Fire-Boltt Newly Launched Infinity Luxe Vivid 1.6” HD Round Display, Stainless Steel Luxury Smartwatch 4GB Inbuilt Storage, Bluetooth Calling, TWS Connectivity, 100+ Watch Faces (Silver)",[3999.0],<a href=./images/Fire-Boltt_Newly_Launched_Infinity_Luxe_Vivid_1.6”_HD_Round_Display_Stainless_Steel_Luxury_Smartwatch_4GB_Inbuilt_Storage_Bluetooth_Calling_TWS_Connectivity_100plus_Watch_Faces_Silver>images</a><br>
"NoiseFit Halo 1.43"" AMOLED Displa",[3999.0],<a href=./images/NoiseFit_Halo_1.43_AMOLED_Displa>images</a><br>
"Fire-Boltt Edge 1.78"" AMOLED Bluetooth Calling Smart Watch with AI Voice Assistant, Gaming, 110+ Sports Mode & Health Suite, Rotating Crown Button, 368 * 448 Pixel High Resolution",[3999.0],<a href=./images/Fire-Boltt_Edge_1.78_AMOLED_Bluetooth_Calling_Smart_Watch_with_AI_Voice_Assistant_Gaming_110plus_Sports_Mode__Health_Suite_Rotating_Crown_Button_368_X_448_Pixel_High_Resolution>images</a><br>
"CrossBeats Armour 1.43"" Super AMOLED Swimproof Always ON Bluetooth Calling Rugged Outdoor Military Standard Certified",[3999.0],<a href=./images/CrossBeats_Armour_1.43_Super_AMOLED_Swimproof_Always_ON_Bluetooth_Calling_Rugged_Outdoor_Military_Standard_Certified>images</a><br>
"boAt Xtend Smartwatch with Alexa Built-in, 1.69 HD Display, Multiple Watch Faces",[3998.0],<a href=./images/boAt_Xtend_Smartwatch_with_Alexa_Built-in_1.69_HD_Display_Multiple_Watch_Faces>images</a><br>
"Amazfit Band 7 Activity Fitness Tracker, Always-on AMOLED Display",[3998.0],<a href=./images/Amazfit_Band_7_Activity_Fitness_Tracker_Always-on_AMOLED_Display>images</a><br>
Noise ColorFit Ultra Buzz Bluetooth Calling Smart Watch,[3949.0],<a href=./images/Noise_ColorFit_Ultra_Buzz_Bluetooth_Calling_Smart_Watch>images</a><br>
"Noise ColorFit Ultra Buzz Bluetooth Calling Smart Watch with 1.75"" HD Display (Olive Green)",[3949.0],<a href=./images/Noise_ColorFit_Ultra_Buzz_Bluetooth_Calling_Smart_Watch_with_1.75_HD_Display_Olive_Green>images</a><br>
"Fire-Boltt Edge 1.78"" AMOLED Bluetooth Calling Smart Watch with AI Voice Assistant, Gaming, 110+ Sports Mode & Health Suite, Rotating Crown Button, 368 * 448 Pixel High Resolution",[3925.0],<a href=./images/Fire-Boltt_Edge_1.78_AMOLED_Bluetooth_Calling_Smart_Watch_with_AI_Voice_Assistant_Gaming_110plus_Sports_Mode__Health_Suite_Rotating_Crown_Button_368_X_448_Pixel_High_Resolution>images</a><br>
"Fire-Boltt Quantum Luxury Stainless Steel Design 1.28"" Bluetooth Calling Smartwatch with High Resolution of 240 * 240 Px & TWS Connection, SpO2 Tracking with 100 Sports Modes (Black Red)",[3850.0],<a href=./images/Fire-Boltt_Quantum_Luxury_Stainless_Steel_Design_1.28_Bluetooth_Calling_Smartwatch_with_High_Resolution_of_240_X_240_Px__TWS_Connection_SpO2_Tracking_with_100_Sports_Modes_Black_Red>images</a><br>
"Fire-Boltt Cyclone 1.6'' Round Premium Display, Motion Sensor Gaming, APPEnabled GPS Sports Smartwatch (Active Black Strap, Onesize)",[3799.0],<a href=./images/Fire-Boltt_Cyclone_1.6_Round_Premium_Display_Motion_Sensor_Gaming_APPEnabled_GPS_Sports_Smartwatch_Active_Black_Strap_Onesize>images</a><br>
"Fire-Boltt Quantum Luxury Stainless Steel Design 1.28"" Bluetooth Calling Smartwatch with High Resolution of 240 * 240 Px & TWS Connection, SpO2 Tracking with 100 Sports Modes (Raven Gold)",[3850.0],<a href=./images/Fire-Boltt_Quantum_Luxury_Stainless_Steel_Design_1.28_Bluetooth_Calling_Smartwatch_with_High_Resolution_of_240_X_240_Px__TWS_Connection_SpO2_Tracking_with_100_Sports_Modes_Raven_Gold>images</a><br>
"Fire-Boltt Eclipse 1.43"" AMOLED Smartwatch, Bluetooth Calling with AI Voice Assistant, 100+ Sports Modes, Curved Full Touch & Calculator",[3799.0],<a href=./images/Fire-Boltt_Eclipse_1.43_AMOLED_Smartwatch_Bluetooth_Calling_with_AI_Voice_Assistant_100plus_Sports_Modes_Curved_Full_Touch__Calculator>images</a><br>
Casio Analog-Digital Black Dial Men's Watch-HDC-700-3A3VDF (D179),[3695.0],<a href=./images/Casio_Analog-Digital_Black_Dial_Mens_Watch-HDC-700-3A3VDF_D179>images</a><br>
"Fire-Boltt Astro 1.78"" AMOLED Display Smartwatch, Always On Display",[3499.0],<a href=./images/Fire-Boltt_Astro_1.78_AMOLED_Display_Smartwatch_Always_On_Display>images</a><br>
"Fire-Boltt Dagger Luxe 1.43"" Super AMOLED Display Luxury Smartwatch, Stainless Steel Build, 600 NITS Brightness with Single BT Bluetooth Connection, IP68, Dual Button Technology (Stainless Silver)",[3499.0],<a href=./images/Fire-Boltt_Dagger_Luxe_1.43_Super_AMOLED_Display_Luxury_Smartwatch_Stainless_Steel_Build_600_NITS_Brightness_with_Single_BT_Bluetooth_Connection_IP68_Dual_Button_Technology_Stainless_Silver>images</a><br>
Pebble Pace Pro SmartWatch with 1.7 Bright HD Curved Display(PFB14),[3499.0],<a href=./images/Pebble_Pace_Pro_SmartWatch_with_1.7_Bright_HD_Curved_DisplayPFB14>images</a><br>
MINIX Newly launched Largest screensize Denver Smartwatch,[3499.0],<a href=./images/MINIX_Newly_launched_Largest_screensize_Denver_Smartwatch>images</a><br>
Pebble Pace Pro Smart Watch with 1.7 Bright HD Curved Display(PFB14 Jet Black),[3498.0],<a href=./images/Pebble_Pace_Pro_Smart_Watch_with_1.7_Bright_HD_Curved_DisplayPFB14_Jet_Black>images</a><br>
"Pebble Pace Pro SmartWatch with 1.7 Bright HD Curved Display (PFB14, Pink)",[3498.0],<a href=./images/Pebble_Pace_Pro_SmartWatch_with_1.7_Bright_HD_Curved_Display_PFB14_Pink>images</a><br>
"NoiseFit Halo 1.43"" AMOLED Display, Bluetooth Calling Round Dial Smart Watch, Premium Metallic Build, Always on Display, Smart Gesture Control, 100 Sports Modes (Fiery Orange)",[3498.0],<a href=./images/NoiseFit_Halo_1.43_AMOLED_Display_Bluetooth_Calling_Round_Dial_Smart_Watch_Premium_Metallic_Build_Always_on_Display_Smart_Gesture_Control_100_Sports_Modes_Fiery_Orange>images</a><br>
"Just Corseca SNUGAR Calling smartwatch with SpO2, 1.69 Inch Full Touch Screen(Blue)",[3399.0],<a href=./images/Just_Corseca_SNUGAR_Calling_smartwatch_with_SpO2_1.69_Inch_Full_Touch_ScreenBlue>images</a><br>
"Just Corseca SNUGAR Calling smartwatch with SpO2, 1.69 Inch Full Touch Screen",[3399.0],<a href=./images/Just_Corseca_SNUGAR_Calling_smartwatch_with_SpO2_1.69_Inch_Full_Touch_Screen>images</a><br>
Pebble Pace Pro SmartWatch with 1.7” Bright HD Curved Display PFB14 Golden Black,[3349.0],<a href=./images/Pebble_Pace_Pro_SmartWatch_with_1.7”_Bright_HD_Curved_Display_PFB14_Golden_Black>images</a><br>
"Fire-Boltt Cobra 1.78"" AMOLED Army Grade Build, Bluetooth Calling with 123 Sports Modes. Smartwatch (Black Strap, Free Size)",[3250.0],<a href=./images/Fire-Boltt_Cobra_1.78_AMOLED_Army_Grade_Build_Bluetooth_Calling_with_123_Sports_Modes._Smartwatch_Black_Strap_Free_Size>images</a><br>
"Fire-Boltt Cobra 1.78"" AMOLED Army Grade Build, Bluetooth Calling with 123 Sports Modes. Smartwatch (Green Strap, Free Size)",[3250.0],<a href=./images/Fire-Boltt_Cobra_1.78_AMOLED_Army_Grade_Build_Bluetooth_Calling_with_123_Sports_Modes._Smartwatch_Green_Strap_Free_Size>images</a><br>
"Fire-Boltt Blizzard 1.28"" Luxury watch with BT Calling,Stainless Steel Body & Health Suite Smartwatch (Silver Strap, Free Size)",[3250.0],<a href=./images/Fire-Boltt_Blizzard_1.28_Luxury_watch_with_BT_CallingStainless_Steel_Body__Health_Suite_Smartwatch_Silver_Strap_Free_Size>images</a><br>
MINIX Newly launched Largest screensize Denver Smartwatch,[3199.0],<a href=./images/MINIX_Newly_launched_Largest_screensize_Denver_Smartwatch>images</a><br>
MINIX Newly launched Largest screensize Denver Smartwatch,[3199.0],<a href=./images/MINIX_Newly_launched_Largest_screensize_Denver_Smartwatch>images</a><br>
MINIX Newly launched Largest screensize Denver Smartwatch,[3199.0],<a href=./images/MINIX_Newly_launched_Largest_screensize_Denver_Smartwatch>images</a><br>
Noise ColorFit Icon Buzz Bluetooth Calling Smart Watch (Grey),[3175.0],<a href=./images/Noise_ColorFit_Icon_Buzz_Bluetooth_Calling_Smart_Watch_Grey>images</a><br>
Zebronics ETERNAL Bluetooth Calling Smart watch,[3157.0],<a href=./images/Zebronics_ETERNAL_Bluetooth_Calling_Smart_watch>images</a><br>
"Noise ColorFit Ultra 3 Bluetooth Calling Smart Watch with Biggest 1.96"" AMOLED Display, Premium Metallic Build, Functional Crown, Gesture Control with Silicon Strap (Jet Black)",[2999.0],<a href=./images/Noise_ColorFit_Ultra_3_Bluetooth_Calling_Smart_Watch_with_Biggest_1.96_AMOLED_Display_Premium_Metallic_Build_Functional_Crown_Gesture_Control_with_Silicon_Strap_Jet_Black>images</a><br>
"Noise ColorFit Pro 4 Alpha 1.78"" AMOLED Display, Bluetooth Calling Smart Watch, Functional Crown, Metallic Build, Intelligent Gesture Control, Instacharge (Jet Black)",[2999.0],<a href=./images/Noise_ColorFit_Pro_4_Alpha_1.78_AMOLED_Display_Bluetooth_Calling_Smart_Watch_Functional_Crown_Metallic_Build_Intelligent_Gesture_Control_Instacharge_Jet_Black>images</a><br>
"Redmi Watch 2 Lite - 3.94 cm Large HD Edge Display, Multi-System Standalone GPS, Continuous SpO2, Stress & Sleep Monitoring, 24x7 HR, 5ATM, 120+ Watch Faces, 100+ Sports Modes, Women s Health, Ivory",[3000.0],<a href=./images/Redmi_Watch_2_Lite_-_3.94_cm_Large_HD_Edge_Display_Multi-System_Standalone_GPS_Continuous_SpO2_Stress__Sleep_Monitoring_24x7_HR_5ATM_120plus_Watch_Faces_100plus_Sports_Modes_Women_s_Health_Ivory>images</a><br>
"Noise ColorFit Ultra 2 with 1.78"" AMOLED Display, Best-in-Class Resolution (Jet Black)",[2999.0],<a href=./images/Noise_ColorFit_Ultra_2_with_1.78_AMOLED_Display_Best-in-Class_Resolution_Jet_Black>images</a><br>
"Fire-Boltt Gladiator 1.96"" Biggest Display Smart Watch with Bluetooth Calling",[2999.0],<a href=./images/Fire-Boltt_Gladiator_1.96_Biggest_Display_Smart_Watch_with_Bluetooth_Calling>images</a><br>
NoiseFit Force Rugged Round Dial Bluetooth calling Smart Watch with 1 32 HD screen,[2999.0],<a href=./images/NoiseFit_Force_Rugged_Round_Dial_Bluetooth_calling_Smart_Watch_with_1_32_HD_screen>images</a><br>
"Noise ColorFit Ultra 3 Bluetooth Calling Smart Watch with Biggest 1.96"" AMOLED Display, Premium Metallic Build, Functional Crown, Gesture Control with Silicon Strap (Jet Black)",[2999.0],<a href=./images/Noise_ColorFit_Ultra_3_Bluetooth_Calling_Smart_Watch_with_Biggest_1.96_AMOLED_Display_Premium_Metallic_Build_Functional_Crown_Gesture_Control_with_Silicon_Strap_Jet_Black>images</a><br>
Fastrack Reflex Curv Unisex Activity Tracker Smart Watch,[2995.0],<a href=./images/Fastrack_Reflex_Curv_Unisex_Activity_Tracker_Smart_Watch>images</a><br>
"Fire-Boltt Wonder 1.8 Bluetooth Calling Smart Watch with AI Voice Assistant Smartwatch (Black Strap, Free Size)",[2850.0],<a href=./images/Fire-Boltt_Wonder_1.8_Bluetooth_Calling_Smart_Watch_with_AI_Voice_Assistant_Smartwatch_Black_Strap_Free_Size>images</a><br>
GIZMORE GizFit Blaze PRO BT Calling Smartwatch | 1.69 Inch IPS Curved Display with 500 NITS Brightness | Body Temperature (Black),[2799.0],<a href=./images/GIZMORE_GizFit_Blaze_PRO_BT_Calling_Smartwatch_I_1.69_Inch_IPS_Curved_Display_with_500_NITS_Brightness_I_Body_Temperature_Black>images</a><br>
"Fire-Boltt Hulk 1.78 inch Amoled Bluetooth Calling with 120 sports modes Smartwatch (Black Strap, 1.78)",[2799.0],<a href=./images/Fire-Boltt_Hulk_1.78_inch_Amoled_Bluetooth_Calling_with_120_sports_modes_Smartwatch_Black_Strap_1.78>images</a><br>
"Fire-Boltt Visionary 1.78"" AMOLED Bluetooth Calling Smartwatch",[2799.0],<a href=./images/Fire-Boltt_Visionary_1.78_AMOLED_Bluetooth_Calling_Smartwatch>images</a><br>
Fire-Boltt Phoenix Ultra Luxury Stainless Steel (DVoice Assistantark Grey),[2699.0],<a href=./images/Fire-Boltt_Phoenix_Ultra_Luxury_Stainless_Steel_DVoice_Assistantark_Grey>images</a><br>
"Fastrack New Limitless FS1 Smart Watch|Biggest 1.95"" Horizon Curve Display|SingleSync BT Calling v5.3|Built-in Alexa|Upto 5 Day Battery",[2795.0],<a href=./images/Fastrack_New_Limitless_FS1_Smart_WatchIBiggest_1.95_Horizon_Curve_DisplayISingleSync_BT_Calling_v5.3IBuilt-in_AlexaIUpto_5_Day_Battery>images</a><br>
"Fire-Boltt Phoenix Ultra Luxury Stainless Steel, Bluetooth Calling Smartwatch",[2699.0],<a href=./images/Fire-Boltt_Phoenix_Ultra_Luxury_Stainless_Steel_Bluetooth_Calling_Smartwatch>images</a><br>
"Redmi Watch 2 Lite - 3.94 cm Large HD Edge Display, Multi-System Standalone GPS, Continuous SpO2  Ivory",[2850.0],<a href=./images/Redmi_Watch_2_Lite_-_3.94_cm_Large_HD_Edge_Display_Multi-System_Standalone_GPS_Continuous_SpO2__Ivory>images</a><br>
Fire-Boltt Ninja Pro Full Metal SpO2 Smartwatch  (Green Strap),[4999.0],<a href=./images/Fire-Boltt_Ninja_Pro_Full_Metal_SpO2_Smartwatch__Green_Strap>images</a><br>
"Fire-Boltt Ninja Pro Full Metal SpO2 Smartwatch  (Red Strap, Free Size)",[4999.0],<a href=./images/Fire-Boltt_Ninja_Pro_Full_Metal_SpO2_Smartwatch__Red_Strap_Free_Size>images</a><br>
Fire-Boltt Ninja Pro Full Metal SpO2 Smartwatch  (Blue Strap),[4999.0],<a href=./images/Fire-Boltt_Ninja_Pro_Full_Metal_SpO2_Smartwatch__Blue_Strap>images</a><br>
Fire-Boltt Call Bluetooth Calling Smartwatch (BSW014),[9999.0],<a href=./images/Fire-Boltt_Call_Bluetooth_Calling_Smartwatch_BSW014>images</a><br>
"Fire-Boltt Cyclone 1.6'' Round Premium Display, Motion Sensor Gaming, APPEnabled GPS Sports Smartwatch (Black Strap, Onesize)",[2600.0],<a href=./images/Fire-Boltt_Cyclone_1.6_Round_Premium_Display_Motion_Sensor_Gaming_APPEnabled_GPS_Sports_Smartwatch_Black_Strap_Onesize>images</a><br>
Zebronics ZEB-FIT7220CH Bluetooth Smart Watch(Metallic Silver),[2599.0],<a href=./images/Zebronics_ZEB-FIT7220CH_Bluetooth_Smart_WatchMetallic_Silver>images</a><br>
"Zebronics ZEB-FIT7220CH Bluetooth Smart Watch,4.4cm (1.75"")(Black)",[2599.0],<a href=./images/Zebronics_ZEB-FIT7220CH_Bluetooth_Smart_Watch4.4cm_1.75Black>images</a><br>
"Zebronics ZEB-FIT7220CH Bluetooth Smart Watch,4.4cm(1.75"") Full Touch Curved Scree (Metallic Black)",[2599.0],<a href=./images/Zebronics_ZEB-FIT7220CH_Bluetooth_Smart_Watch4.4cm1.75_Full_Touch_Curved_Scree_Metallic_Black>images</a><br>
"boAt Xtend Call Plus Smart Watch with 1.91"" HD Display",[2499.0],<a href=./images/boAt_Xtend_Call_Plus_Smart_Watch_with_1.91_HD_Display>images</a><br>
"Fire-Boltt 360 Pro Bluetooth Calling, Local Music and TWS Pairing, 360*360 PRO Display Smart Watch Black",[9999.0],<a href=./images/Fire-Boltt_360_Pro_Bluetooth_Calling_Local_Music_and_TWS_Pairing_360X360_PRO_Display_Smart_Watch_Black>images</a><br>
"Fire-Boltt 360 Pro Bluetooth Calling, Local Music and TWS Pairing, 360*360 PRO Display Smart Watch (Blue)",[9999.0],<a href=./images/Fire-Boltt_360_Pro_Bluetooth_Calling_Local_Music_and_TWS_Pairing_360X360_PRO_Display_Smart_Watch_Blue>images</a><br>
"Noise ColorFit Ultra Smart Watch with 1.75 HD Display,(Gunmetal Grey)",[2499.0],<a href=./images/Noise_ColorFit_Ultra_Smart_Watch_with_1.75_HD_DisplayGunmetal_Grey>images</a><br>
"Fire-Boltt Beast Pro Bluetooth Calling 1.69” with Voice Assistance, Spo2 Monitoring,  Smartwatch (BSW016)",[9999.0],<a href=./images/Fire-Boltt_Beast_Pro_Bluetooth_Calling_1.69”_with_Voice_Assistance_Spo2_Monitoring__Smartwatch_BSW016>images</a><br>
"Fire-Boltt 360 Pro Bluetooth Calling, Local Music and TWS Pairing, 360*360 PRO Display Smart Watch Silver (BSW017)",[9999.0],<a href=./images/Fire-Boltt_360_Pro_Bluetooth_Calling_Local_Music_and_TWS_Pairing_360X360_PRO_Display_Smart_Watch_Silver_BSW017>images</a><br>
"Fire-Boltt 360 Pro Bluetooth Calling, Local Music and TWS Pairing, 360*360 PRO Display Smart Watch(Tarnish Black)",[9999.0],<a href=./images/Fire-Boltt_360_Pro_Bluetooth_Calling_Local_Music_and_TWS_Pairing_360X360_PRO_Display_Smart_WatchTarnish_Black>images</a><br>
"Fire-Boltt India's No 1 Smartwatch Brand Ring Bluetooth Calling with SpO2 & 1.7” Metal Body with Blood Oxygen Monitoring, Continuous Heart Rate, Full Touch & Multiple Watch Faces",[2499.0],<a href=./images/Fire-Boltt_Indias_No_1_Smartwatch_Brand_Ring_Bluetooth_Calling_with_SpO2__1.7”_Metal_Body_with_Blood_Oxygen_Monitoring_Continuous_Heart_Rate_Full_Touch__Multiple_Watch_Faces>images</a><br>
"Redmi Watch 2 Lite - 3.94 cm Large HD Edge Display, Multi-System Standalone GPS, Continuous SpO2,  Black",[2410.0],<a href=./images/Redmi_Watch_2_Lite_-_3.94_cm_Large_HD_Edge_Display_Multi-System_Standalone_GPS_Continuous_SpO2__Black>images</a><br>
"Fire-Boltt Shark 1.83'' Smartwatch with Rugged Outdoor Design  (Black Strap, Free Size)",[2300.0],<a href=./images/Fire-Boltt_Shark_1.83_Smartwatch_with_Rugged_Outdoor_Design__Black_Strap_Free_Size>images</a><br>
"Fire-Boltt Ring Bluetooth Calling Smartwatch with SpO2 & 1.7” Metal Body with Blood Oxygen Monitoring, Continuous Heart Rate, Full Touch & Multiple Watch Faces (Red)",[2314.0],<a href=./images/Fire-Boltt_Ring_Bluetooth_Calling_Smartwatch_with_SpO2__1.7”_Metal_Body_with_Blood_Oxygen_Monitoring_Continuous_Heart_Rate_Full_Touch__Multiple_Watch_Faces_Red>images</a><br>
Zebronics DRIP Smart Watch,[2299.0],<a href=./images/Zebronics_DRIP_Smart_Watch>images</a><br>
"boAt Newly Launched Ultima Call with 1.83"" HD Display",[2299.0],<a href=./images/boAt_Newly_Launched_Ultima_Call_with_1.83_HD_Display>images</a><br>
Fire-Boltt India's No 1 Smartwatch,[2299.0],<a href=./images/Fire-Boltt_Indias_No_1_Smartwatch>images</a><br>
"Noise ColorFit Ultra Buzz Bluetooth Calling Smart Watch with 1.75"" HD Display (Charcoal Black)",[2300.0],<a href=./images/Noise_ColorFit_Ultra_Buzz_Bluetooth_Calling_Smart_Watch_with_1.75_HD_Display_Charcoal_Black>images</a><br>
"Fire-Boltt Newly Launched Ninja Fit Pro Smartwatch Bluetooth Calling Full Touch 2.0 & 120+ Sports Modes with IP68, Multi UI Screen, Over 100 Cloud Based Watch Faces, Built in Games (Grey)",[2250.0],<a href=./images/Fire-Boltt_Newly_Launched_Ninja_Fit_Pro_Smartwatch_Bluetooth_Calling_Full_Touch_2.0__120plus_Sports_Modes_with_IP68_Multi_UI_Screen_Over_100_Cloud_Based_Watch_Faces_Built_in_Games_Grey>images</a><br>
"Fire-Boltt Newly Launched Ninja Fit Pro Smartwatch Bluetooth Calling Full Touch 2.0 & 120+ Sports Modes with IP68, Multi UI Screen, Over 100 Cloud Based Watch Faces, Built in Games (Blue)",[2250.0],<a href=./images/Fire-Boltt_Newly_Launched_Ninja_Fit_Pro_Smartwatch_Bluetooth_Calling_Full_Touch_2.0__120plus_Sports_Modes_with_IP68_Multi_UI_Screen_Over_100_Cloud_Based_Watch_Faces_Built_in_Games_Blue>images</a><br>
"Fire-Boltt Newly Launched Ninja Fit Pro Smartwatch Bluetooth Calling Full Touch 2.0 & 120+ Sports Modes with IP68, Multi UI Screen, Over 100 Cloud Based Watch Faces, Built in Games (Black)",[2250.0],<a href=./images/Fire-Boltt_Newly_Launched_Ninja_Fit_Pro_Smartwatch_Bluetooth_Calling_Full_Touch_2.0__120plus_Sports_Modes_with_IP68_Multi_UI_Screen_Over_100_Cloud_Based_Watch_Faces_Built_in_Games_Black>images</a><br>
"Fire-Boltt Newly Launched Ninja Fit Pro Smartwatch Bluetooth Calling Full Touch 2.0 & 120+ Sports Modes with IP68, Multi UI Screen, Over 100 Cloud Based Watch Faces, Built in Games (Red)",[2250.0],<a href=./images/Fire-Boltt_Newly_Launched_Ninja_Fit_Pro_Smartwatch_Bluetooth_Calling_Full_Touch_2.0__120plus_Sports_Modes_with_IP68_Multi_UI_Screen_Over_100_Cloud_Based_Watch_Faces_Built_in_Games_Red>images</a><br>
"Fire-Boltt Talk 2 Pro Bluetooth Calling Smartwatch, 1.39"" TFT Display with Dual Button, Hands On Voice Assistance, 120 Sports Modes, in Built Mic & Speaker with IP68 Rating (Black)",[2200.0],<a href=./images/Fire-Boltt_Talk_2_Pro_Bluetooth_Calling_Smartwatch_1.39_TFT_Display_with_Dual_Button_Hands_On_Voice_Assistance_120_Sports_Modes_in_Built_Mic__Speaker_with_IP68_Rating_Black>images</a><br>
"boAt Wave Electra with 1.81"" HD Display, Smart Calling with Ultra-Seamless BT Calling Chip",[2199.0],<a href=./images/boAt_Wave_Electra_with_1.81_HD_Display_Smart_Calling_with_Ultra-Seamless_BT_Calling_Chip>images</a><br>
GOQii Smart Vital Junior Activity Tracker (Bubblegum Pink),[2199.0],<a href=./images/GOQii_Smart_Vital_Junior_Activity_Tracker_Bubblegum_Pink>images</a><br>
GOQii Smart Vital Junior Activity Tracker (Cherry & Cream),[2199.0],<a href=./images/GOQii_Smart_Vital_Junior_Activity_Tracker_Cherry__Cream>images</a><br>
"Fire-Boltt Talk 2 Pro Bluetooth Calling Smartwatch, 1.39"" TFT Display with Dual Button, Hands On Voice Assistance, 120 Sports Modes, in Built Mic & Speaker with IP68 Rating (Grey)",[2200.0],<a href=./images/Fire-Boltt_Talk_2_Pro_Bluetooth_Calling_Smartwatch_1.39_TFT_Display_with_Dual_Button_Hands_On_Voice_Assistance_120_Sports_Modes_in_Built_Mic__Speaker_with_IP68_Rating_Grey>images</a><br>
ZEBRONICS FIT80CH SMART FITNESS WATCH BLUE,[2199.0],<a href=./images/ZEBRONICS_FIT80CH_SMART_FITNESS_WATCH_BLUE>images</a><br>
"Fire-Boltt Ninja Call Pro Smart Watch Dual Chip Bluetooth Calling, 1.69""",[2199.0],<a href=./images/Fire-Boltt_Ninja_Call_Pro_Smart_Watch_Dual_Chip_Bluetooth_Calling_1.69>images</a><br>
"Noise Newly Launched ColorFit Pulse 3 with 1.96"" Biggest Display Bluetooth Calling Smart Watch",[2199.0],<a href=./images/Noise_Newly_Launched_ColorFit_Pulse_3_with_1.96_Biggest_Display_Bluetooth_Calling_Smart_Watch>images</a><br>
"Fire-Boltt Newly Launched Ninja Call Pro Max 2.01” Display Smart Watch, Bluetooth Calling, 120+ Sports Modes, Health Suite, Voice Assistance (Black)",[2150.0],<a href=./images/Fire-Boltt_Newly_Launched_Ninja_Call_Pro_Max_2.01”_Display_Smart_Watch_Bluetooth_Calling_120plus_Sports_Modes_Health_Suite_Voice_Assistance_Black>images</a><br>
"Fire-Boltt Newly Launched Ninja Call Pro Max 2.01” Display Smart Watch, Bluetooth Calling, 120+ Sports Modes, Health Suite, Voice Assistance (Grey)",[2150.0],<a href=./images/Fire-Boltt_Newly_Launched_Ninja_Call_Pro_Max_2.01”_Display_Smart_Watch_Bluetooth_Calling_120plus_Sports_Modes_Health_Suite_Voice_Assistance_Grey>images</a><br>
"Fire-Boltt Newly Launched Ninja Call Pro Max 2.01” Display Smart Watch, Bluetooth Calling, 120+ Sports Modes, Health Suite, Voice Assistance (Pink)",[2150.0],<a href=./images/Fire-Boltt_Newly_Launched_Ninja_Call_Pro_Max_2.01”_Display_Smart_Watch_Bluetooth_Calling_120plus_Sports_Modes_Health_Suite_Voice_Assistance_Pink>images</a><br>
"boAt Wave Call Smart Watch, Smart Talk with Advanced Dedicated Bluetooth Calling Chip, 1.69 HD Display with 550 NITS",[2099.0],<a href=./images/boAt_Wave_Call_Smart_Watch_Smart_Talk_with_Advanced_Dedicated_Bluetooth_Calling_Chip_1.69_HD_Display_with_550_NITS>images</a><br>
"Fire-Boltt Newly Launched Vogue Large 2.05"" Display Smart Watch, Always On Display, Wireless Charging, App Based GPS with Bluetooth Calling & 500+ Watch Faces (Chain Black)",[1999.0],<a href=./images/Fire-Boltt_Newly_Launched_Vogue_Large_2.05_Display_Smart_Watch_Always_On_Display_Wireless_Charging_App_Based_GPS_with_Bluetooth_Calling__500plus_Watch_Faces_Chain_Black>images</a><br>
Fire-Boltt Phoenix Smart Watch with Bluetooth Calling,[2099.0],<a href=./images/Fire-Boltt_Phoenix_Smart_Watch_with_Bluetooth_Calling>images</a><br>
Noise Pulse Go Buzz Smart Watch with Advanced Bluetooth Calling,[2099.0],<a href=./images/Noise_Pulse_Go_Buzz_Smart_Watch_with_Advanced_Bluetooth_Calling>images</a><br>
"Fire-Boltt Asteroid 1.43” Super AMOLED Display Smart Watch, One Tap Bluetooth Calling, 466 * 466 px Resolution, 123 Sports Modes, in-Built Voice Assistance, 350mAh Large Battery (Black)",[1999.0],<a href=./images/Fire-Boltt_Asteroid_1.43”_Super_AMOLED_Display_Smart_Watch_One_Tap_Bluetooth_Calling_466_X_466_px_Resolution_123_Sports_Modes_in-Built_Voice_Assistance_350mAh_Large_Battery_Black>images</a><br>
"boAt Wave Leap Call with 1.83"" HD Display",[1999.0],<a href=./images/boAt_Wave_Leap_Call_with_1.83_HD_Display>images</a><br>
"Fire-Boltt Quantum Luxury Stainless Steel Design 1.28"" Bluetooth Calling Smartwatch with High Resolution of 240 * 240 Px & TWS Connection, SpO2 Tracking with 100 Sports Modes (Black)",[1999.0],<a href=./images/Fire-Boltt_Quantum_Luxury_Stainless_Steel_Design_1.28_Bluetooth_Calling_Smartwatch_with_High_Resolution_of_240_X_240_Px__TWS_Connection_SpO2_Tracking_with_100_Sports_Modes_Black>images</a><br>
"Fire-Boltt Ninja Call Pro Plus 1.83"" Smart Watch(Black)",[1999.0],<a href=./images/Fire-Boltt_Ninja_Call_Pro_Plus_1.83_Smart_WatchBlack>images</a><br>
"Fire-Boltt Ninja Call Pro Plus 1.83"" Smart Watch (Blue)",[1999.0],<a href=./images/Fire-Boltt_Ninja_Call_Pro_Plus_1.83_Smart_Watch_Blue>images</a><br>
"Fire-Boltt Newly Launched Vogue Large 2.05"" Display Smart Watch, Always On Display, Wireless Charging, App Based GPS with Bluetooth Calling & 500+ Watch Faces (Chain Black)",[1999.0],<a href=./images/Fire-Boltt_Newly_Launched_Vogue_Large_2.05_Display_Smart_Watch_Always_On_Display_Wireless_Charging_App_Based_GPS_with_Bluetooth_Calling__500plus_Watch_Faces_Chain_Black>images</a><br>
Fire-Boltt Ninja Call 2 Bluetooth Calling Smartwatch with 27 Sports Mode (Black) Free Size,[1999.0],<a href=./images/Fire-Boltt_Ninja_Call_2_Bluetooth_Calling_Smartwatch_with_27_Sports_Mode_Black_Free_Size>images</a><br>
Firebolt Smart Watch Rebel BSW090 Black,[1999.0],<a href=./images/Firebolt_Smart_Watch_Rebel_BSW090_Black>images</a><br>
"Noise Newly Launched Quad Call 1.81"" Display",[1999.0],<a href=./images/Noise_Newly_Launched_Quad_Call_1.81_Display>images</a><br>
Fastrack New Reflex Beat+ 1.69” UltraVU Display,[1995.0],<a href=./images/Fastrack_New_Reflex_Beatplus_1.69”_UltraVU_Display>images</a><br>
"Fire-Boltt Falcon 1.83"" Bluetooth Calling Smartwatch, 100+ Sports Modes, Built in Mic & Speaker, IP67 Rating Water Resistant",[1998.0],<a href=./images/Fire-Boltt_Falcon_1.83_Bluetooth_Calling_Smartwatch_100plus_Sports_Modes_Built_in_Mic__Speaker_IP67_Rating_Water_Resistant>images</a><br>
"GOQii Vital 3.0 Full Touch, Smart Notification Waterproof, Smart (Black)",[1859.0],<a href=./images/GOQii_Vital_3.0_Full_Touch_Smart_Notification_Waterproof_Smart_Black>images</a><br>
"Fire-Boltt Ninja 2 Max 1.5 inches(3.9cm) Full Touch Display Smartwatch with SpO2, Heart Rate Tracking 20 Sports Mode Sleep Monitor, Camera Music Control, IP68 Dust Sweat Resistance (Rose Gold, L)",[1799.0],<a href=./images/Fire-Boltt_Ninja_2_Max_1.5_inches3.9cm_Full_Touch_Display_Smartwatch_with_SpO2_Heart_Rate_Tracking_20_Sports_Mode_Sleep_Monitor_Camera_Music_Control_IP68_Dust_Sweat_Resistance_Rose_Gold_L>images</a><br>
Noise Vivid Call Bluetooth Calling Smartwatch,[1799.0],<a href=./images/Noise_Vivid_Call_Bluetooth_Calling_Smartwatch>images</a><br>
boAt Newly Launched Xtend Call Plus Smart Watch  (Active Black),[1799.0],<a href=./images/boAt_Newly_Launched_Xtend_Call_Plus_Smart_Watch__Active_Black>images</a><br>
"Fire-Boltt Ninja Fit Smartwatch Full Touch 1.69 & 120+ Sports Modes with IP68, Multi UI Screen, Over 100 Cloud Based Watch Faces, Built in Games (Black)",[1700.0],<a href=./images/Fire-Boltt_Ninja_Fit_Smartwatch_Full_Touch_1.69__120plus_Sports_Modes_with_IP68_Multi_UI_Screen_Over_100_Cloud_Based_Watch_Faces_Built_in_Games_Black>images</a><br>
"Fire-Boltt Ninja Fit Smartwatch Full Touch 1.69 & 120+ Sports Modes with IP68, Multi UI Screen, Over 100 Cloud Based Watch Faces, Built in Games (Beige)",[1700.0],<a href=./images/Fire-Boltt_Ninja_Fit_Smartwatch_Full_Touch_1.69__120plus_Sports_Modes_with_IP68_Multi_UI_Screen_Over_100_Cloud_Based_Watch_Faces_Built_in_Games_Beige>images</a><br>
"Fire-Boltt Ninja Fit Smartwatch Full Touch 1.69 & 120+ Sports Modes with IP68, Multi UI Screen, Over 100 Cloud Based Watch Faces, Built in Games (Grey)",[1700.0],<a href=./images/Fire-Boltt_Ninja_Fit_Smartwatch_Full_Touch_1.69__120plus_Sports_Modes_with_IP68_Multi_UI_Screen_Over_100_Cloud_Based_Watch_Faces_Built_in_Games_Grey>images</a><br>
"Fire-Boltt Hercules 1.83"" Large Display, BT Calling with Voice Assist & Metal Body Smartwatch (Black Strap, Free Size)",[1699.0],<a href=./images/Fire-Boltt_Hercules_1.83_Large_Display_BT_Calling_with_Voice_Assist__Metal_Body_Smartwatch_Black_Strap_Free_Size>images</a><br>
Fire-Boltt Ninja 3 Smartwatch,[1699.0],<a href=./images/Fire-Boltt_Ninja_3_Smartwatch>images</a><br>
"Fire-Boltt Encore Stainless Steel Smart Watch with 1.83” Full Touch Screen Display, 240 * 284 PPI, Bluetooth Calling, 10-Days Battery Life, IP67 Water Resistant, Upgraded Health Sensors (Silver)",[1599.0],<a href=./images/Fire-Boltt_Encore_Stainless_Steel_Smart_Watch_with_1.83”_Full_Touch_Screen_Display_240_X_284_PPI_Bluetooth_Calling_10-Days_Battery_Life_IP67_Water_Resistant_Upgraded_Health_Sensors_Silver>images</a><br>
"Fire-Boltt Ninja 3 1.83"" Display Smartwatch Full Touch with 100+ Sports Modes with IP68, Sp02 Tracking, Over 100 Cloud Based Watch Faces (Beige)",[1599.0],<a href=./images/Fire-Boltt_Ninja_3_1.83_Display_Smartwatch_Full_Touch_with_100plus_Sports_Modes_with_IP68_Sp02_Tracking_Over_100_Cloud_Based_Watch_Faces_Beige>images</a><br>
"Fire-Boltt Encore Stainless Steel Smart Watch with 1.83” Full Touch Screen Display, 240 * 284 PPI, Bluetooth Calling, 10-Days Battery Life, IP67 Water Resistant, Upgraded Health Sensors (Silver)",[1599.0],<a href=./images/Fire-Boltt_Encore_Stainless_Steel_Smart_Watch_with_1.83”_Full_Touch_Screen_Display_240_X_284_PPI_Bluetooth_Calling_10-Days_Battery_Life_IP67_Water_Resistant_Upgraded_Health_Sensors_Silver>images</a><br>
"Tagg Verve NEO Smartwatch 1.69"" HD Display | 60+ Sports Modes | 10 Days Battery | 150+ Maximum Watch",[1499.0],<a href=./images/Tagg_Verve_NEO_Smartwatch_1.69_HD_Display_I_60plus_Sports_Modes_I_10_Days_Battery_I_150plus_Maximum_Watch>images</a><br>
"Fire-Boltt India's No 1 Smartwatch Brand Talk 2 Bluetooth Calling Smartwatch with Dual Button, Hands On Voice Assistance, 120 Sports Modes, in Built Mic & Speaker with IP68 Rating (Navy Blue)",[1499.0],<a href=./images/Fire-Boltt_Indias_No_1_Smartwatch_Brand_Talk_2_Bluetooth_Calling_Smartwatch_with_Dual_Button_Hands_On_Voice_Assistance_120_Sports_Modes_in_Built_Mic__Speaker_with_IP68_Rating_Navy_Blue>images</a><br>
"Noise Pulse 2 Max 1.85"" Display, Bluetooth Calling Smart Watch, 10 Days Battery, 550 NITS Brightness, Smart DND, 100 Sports Modes, Smartwatch for Men and Women (Midnight Blue)",[1499.0],<a href=./images/Noise_Pulse_2_Max_1.85_Display_Bluetooth_Calling_Smart_Watch_10_Days_Battery_550_NITS_Brightness_Smart_DND_100_Sports_Modes_Smartwatch_for_Men_and_Women_Midnight_Blue>images</a><br>
"Noise Pulse 2 Max 1.85"" Display, Bluetooth Calling Smart Watch, 10 Days Battery, 550 NITS Brightness, Smart DND, 100 Sports Modes, Smartwatch for Men and Women (Midnight Blue)",[1499.0],<a href=./images/Noise_Pulse_2_Max_1.85_Display_Bluetooth_Calling_Smart_Watch_10_Days_Battery_550_NITS_Brightness_Smart_DND_100_Sports_Modes_Smartwatch_for_Men_and_Women_Midnight_Blue>images</a><br>
"Fire-Boltt India's No 1 Smartwatch Brand Talk 2 Bluetooth Calling Smartwatch with Dual Button, Hands On Voice Assistance, 120 Sports Modes, in Built Mic & Speaker with IP68 Rating (Navy Blue)",[1499.0],<a href=./images/Fire-Boltt_Indias_No_1_Smartwatch_Brand_Talk_2_Bluetooth_Calling_Smartwatch_with_Dual_Button_Hands_On_Voice_Assistance_120_Sports_Modes_in_Built_Mic__Speaker_with_IP68_Rating_Navy_Blue>images</a><br>
"Fire-Boltt Asteroid 1.43” Super AMOLED Display Smart Watch, One Tap Bluetooth Calling, 466 * 466 px Resolution, 123 Sports Modes, in-Built Voice Assistance, 350mAh Large Battery (Black)",[1499.0],<a href=./images/Fire-Boltt_Asteroid_1.43”_Super_AMOLED_Display_Smart_Watch_One_Tap_Bluetooth_Calling_466_X_466_px_Resolution_123_Sports_Modes_in-Built_Voice_Assistance_350mAh_Large_Battery_Black>images</a><br>
"Fire-Boltt Gladiator 1.96"" Biggest Display Smart Watch with Bluetooth Calling, Voice Assistant &123 Sports Modes, 8 Unique UI Interactions, SpO2, 24/7 Heart Rate Tracking (Black)",[1499.0],<a href=./images/Fire-Boltt_Gladiator_1.96_Biggest_Display_Smart_Watch_with_Bluetooth_Calling_Voice_Assistant_123_Sports_Modes_8_Unique_UI_Interactions_SpO2_247_Heart_Rate_Tracking_Black>images</a><br>
"Fire-Boltt Gladiator 1.96"" Biggest Display Smart Watch with Bluetooth Calling, Voice Assistant &123 Sports Modes, 8 Unique UI Interactions, SpO2, 24/7 Heart Rate Tracking (Black)",[1499.0],<a href=./images/Fire-Boltt_Gladiator_1.96_Biggest_Display_Smart_Watch_with_Bluetooth_Calling_Voice_Assistant_123_Sports_Modes_8_Unique_UI_Interactions_SpO2_247_Heart_Rate_Tracking_Black>images</a><br>
"Fire-Boltt Beast Pro Bluetooth Calling 1.69 , Spo2 Monitoring, Smartwatch (BSW016)",[9999.0],<a href=./images/Fire-Boltt_Beast_Pro_Bluetooth_Calling_1.69__Spo2_Monitoring_Smartwatch_BSW016>images</a><br>
Apple Watch Series 8 [GPS + Cellular 41 mm] Smart Watch w/ Midnight,[50499.0],<a href=./images/Apple_Watch_Series_8_[GPS_plus_Cellular_41_mm]_Smart_Watch_w_Midnight>images</a><br>
"Apple Watch Series 7 GPS + Cellular, MKHX3HN/A 41 mm Stainless Steel Case  (Silver Strap, Regular)",[73900.0],<a href=./images/Apple_Watch_Series_7_GPS_plus_Cellular_MKHX3HNA_41_mm_Stainless_Steel_Case__Silver_Strap_Regular>images</a><br>
"New Apple Watch Series 6 (GPS + Cellular, 44mm) - Gold Stainless Steel Case with Deep Navy Sport Band",[73900.0],<a href=./images/New_Apple_Watch_Series_6_GPS_plus_Cellular_44mm_-_Gold_Stainless_Steel_Case_with_Deep_Navy_Sport_Band>images</a><br>
"Pebble Prism Smart Watch (Bluetooth, 43.18mm) (11 Sports Modes, PFB12, Grey, Silicone Band)",[3299.0],<a href=./images/Pebble_Prism_Smart_Watch_Bluetooth_43.18mm_11_Sports_Modes_PFB12_Grey_Silicone_Band>images</a><br>
"Redmi Watch 2 Lite - 3.94 cm Large HD Edge Display, Multi-System Standalone GPS, Continuous SpO2 , Blue",[2410.0],<a href=./images/Redmi_Watch_2_Lite_-_3.94_cm_Large_HD_Edge_Display_Multi-System_Standalone_GPS_Continuous_SpO2__Blue>images</a><br>
"Noise Twist Bluetooth Calling Smart Watch with 1.38"" TFT Biggest Display",[2299.0],<a href=./images/Noise_Twist_Bluetooth_Calling_Smart_Watch_with_1.38_TFT_Biggest_Display>images</a><br>
"Noise Pulse 2 Max 1.85"" Display, Bluetooth Calling Smart Watch",[2299.0],<a href=./images/Noise_Pulse_2_Max_1.85_Display_Bluetooth_Calling_Smart_Watch>images</a><br>
"GOQii Smart Vital MAX SpO2 1.69'' HD Full Touch, Smart Notification Waterproof Smart Watch",[2299.0],<a href=./images/GOQii_Smart_Vital_MAX_SpO2_1.69_HD_Full_Touch_Smart_Notification_Waterproof_Smart_Watch>images</a><br>
"boAt Wave Call Smart Watch, Smart Talk with Advanced Dedicated Bluetooth Callin",[2099.0],<a href=./images/boAt_Wave_Call_Smart_Watch_Smart_Talk_with_Advanced_Dedicated_Bluetooth_Callin>images</a><br>
